"","Chamaecrista_anceps","Chamaecrista_aristata","Chamaecrista_arrojadoana","Chamaecrista_blanchetii","Chamaecrista_brachystachya","Chamaecrista_burchelli","Chamaecrista_calycioides","Chamaecrista_cardiostegia","Chamaecrista_choriophylla","Chamaecrista_cinerascens","Chamaecrista_confertiformis","Chamaecrista_decora","Chamaecrista_depauperata","Chamaecrista_desvauxii_var_desvauxii","Chamaecrista_desvauxii_var_langsdorffii","Chamaecrista_desvauxii_var_latistipula","Chamaecrista_desvauxii_var_mollissima","Chamaecrista_diphylla","Chamaecrista_distichoclada","Chamaecrista_flexuosa_var_flexuosa","Chamaecrista_lagotois","Chamaecrista_latifolia","Chamaecrista_mucronata","Chamaecrista_nictitans_subsp_brachypoda","Chamaecrista_olesiphylla","Chamaecrista_pascuorum","Chamaecrista_pilosa_var_luxurians","Chamaecrista_potentilla","Chamaecrista_repens_var_multijuga","Chamaecrista_roraimae","Chamaecrista_rossicorum","Chamaecrista_rotundata_var_interstes","Chamaecrista_rotundata_var_rotundata","Chamaecrista_rotundifolia_var_grandiflora","Chamaecrista_simplifacta","Chamaecrista_supplex","Chamaecrista_swainsonii","Chamaecrista_tragacanthoides_var_rasa","Chamaecrista_tragacanthoides_var_tragacanthoides","Chamaecrista_ulmea","Chamaecrista_venulosa"
"Chamaecrista_anceps",NA,0.577789044159099,0.829197147213459,0.877807407231166,0.814897678306187,0.387069369324687,0.284185485824475,0.789109425984731,0.86750063119334,0.756760079804812,0.854488443728821,0.75569720711978,0.666272950790525,0.666445348937643,0.722178369954327,0.824412173279384,0.788005333240855,0.766267098313683,0.563003423872534,0.701724302707826,0.77428303270898,0.77391308423902,0.652563352834137,0.476908564738783,0.793622289473436,0.627858462789318,0.489170032391656,0.759129230883658,0.612291766661079,0.553771312753304,0.79413977777324,0.857829119048382,0.782735276954305,0.823105483312245,0.575070436976523,0.323147316395589,0.69012667368043,0.613113053445376,0.732720788442643,0.697001953966108,0.805586929140974
"Chamaecrista_aristata",0.839660025231542,NA,0.546656716628471,0.642143477363133,0.694901348125043,0.581045299611659,0.382832517263867,0.764857901547593,0.684432887394111,0.424227985511888,0.633998828574619,0.804661382263934,0.401859687197756,0.708392322459483,0.774967717638752,0.697671151760002,0.724934439545812,0.662376322673825,0.404562475820561,0.72207332017061,0.720624768825642,0.446869430079896,0.319794929620455,0.672477982037467,0.575234670282102,0.659146679539462,0.605133210685117,0.708679137121417,0.698690362402252,0.666756566563382,0.643449689673138,0.567288992893275,0.583211722379578,0.649822639244322,0.862424500344558,0.429182493272741,0.69365089833982,0.811150490709531,0.752532966392395,0.843375580955464,0.593936387105115
"Chamaecrista_arrojadoana",0.943707180273893,0.842779519266753,NA,0.881612915409433,0.792527604382503,0.384586557096878,0.311676490076379,0.753815130144359,0.8299161012869,0.864097404017106,0.876050471205393,0.725573823104991,0.738767801637963,0.644116470863243,0.678270893889052,0.780476113779193,0.755141455438717,0.722297810844207,0.475900775010601,0.672492915019915,0.761043585536354,0.885147754580133,0.682850194630172,0.46019216478431,0.819405332364924,0.617034118248023,0.490074146851443,0.750709019761852,0.593524628867875,0.543658478723147,0.788420779221354,0.924135712743779,0.791923982853031,0.794533654549123,0.54400270608066,0.345730180435536,0.66253861437375,0.576986886817943,0.719833349394577,0.662702791519431,0.838388053450375
"Chamaecrista_blanchetii",0.955601721466409,0.887006470619755,0.988491396073435,NA,0.885733827128217,0.449714613568735,0.356931682636633,0.847584338402626,0.915717155989511,0.776094648655011,0.894147004038308,0.817381030787146,0.703729376567253,0.730773486760766,0.777474815481348,0.882387810937093,0.859892196597482,0.829433348272201,0.483813345436605,0.764886642012166,0.826307028717987,0.790724849496929,0.639489401928625,0.540577724973598,0.802590037171797,0.695427431022616,0.559135430714791,0.783785392557425,0.676507008174236,0.619455384276641,0.797249717533568,0.887711349840576,0.782797684013183,0.890856260660849,0.63509705378178,0.39713988889374,0.753204401690233,0.673904763288419,0.770136007452508,0.746380337942033,0.880653585679075
"Chamaecrista_brachystachya",0.928939088692494,0.914992871738346,0.970093786263519,0.990094273436946,NA,0.553360718716052,0.425895173900608,0.91225485875195,0.902306930020557,0.684473390485491,0.813452393488651,0.864815556476103,0.639446713956058,0.83809350171723,0.859436048419434,0.941924005820622,0.945635588484787,0.87258904943571,0.480115576913971,0.871910957794147,0.867422465175445,0.701656361872153,0.568026190407449,0.650693375919089,0.719571826720942,0.798316612390757,0.657526067859797,0.76438101701229,0.785895734745105,0.727169425415256,0.741714952166207,0.797435671296353,0.711401443089143,0.918691271539545,0.711883589496383,0.472871767149714,0.8491932693458,0.768113643893648,0.756890150624226,0.767458930318941,0.836822877713381
"Chamaecrista_burchelli",0.699813968424702,0.883874176689083,0.739049039142936,0.789947310780215,0.856587748864964,NA,0.542669626304218,0.565835128153617,0.476818857021957,0.285579670319141,0.414372566706083,0.556255371223152,0.313055371585975,0.690034311457627,0.628719303309726,0.531815122880289,0.57214885173527,0.528969052740958,0.312875098293682,0.651228722614478,0.584763216278747,0.298577682882547,0.235936918791052,0.88402047727996,0.355001535703691,0.649694562352519,0.671308392444079,0.450039614412899,0.672567042683865,0.79057654878394,0.395002235610067,0.391725421445542,0.351518148073839,0.5154122672458,0.660753450177509,0.585737902122544,0.594718670645746,0.704441176896845,0.472320649834285,0.50364744614938,0.443727949023885
"Chamaecrista_calycioides",0.516231997769379,0.692093848610459,0.554438360070173,0.628657612260885,0.695950638704608,0.770723055317245,NA,0.3947569992704,0.347496274541361,0.221483831740236,0.308556493090164,0.391926166733217,0.25908513106901,0.507537882610057,0.412113761620222,0.391304378873442,0.413635630087425,0.500546630911428,0.242156167876626,0.499255440095918,0.421278031804302,0.233256041907526,0.187640427696759,0.533655441565438,0.26750362892751,0.603718963373782,0.751838956803949,0.322683587417461,0.598664597952459,0.567173493001601,0.289557226494549,0.301128303961322,0.262017023940846,0.441487217710336,0.413458646619663,0.944685393911197,0.559666631778347,0.439928057095893,0.338239198827662,0.351729340090455,0.343331068463025
"Chamaecrista_cardiostegia",0.940031173185589,0.942142376554571,0.962751523587091,0.983983873292977,0.99182336954756,0.864433446531762,0.652632348095335,NA,0.894651231175609,0.636145629276476,0.815590458795088,0.917282734732275,0.59211593687731,0.843148398218335,0.913487941898081,0.913921220974266,0.934454686935443,0.846909835262492,0.481567244752349,0.877161557089799,0.88507347544015,0.656340502965747,0.519367946444149,0.663542320874991,0.723008196485024,0.784197526499905,0.636221804238908,0.792004926018164,0.786180197002444,0.727169513210478,0.756569154601824,0.772975908644273,0.717030134929313,0.862759869225908,0.780720902116043,0.442431186133976,0.825018403257852,0.81566369156897,0.796082594478778,0.823290883444185,0.791677129466763
"Chamaecrista_choriophylla",0.961576573303892,0.902728328975399,0.978571664726349,0.989923255466163,0.983138270827048,0.79640997848538,0.582291501565992,0.989072790429758,NA,0.73371562938832,0.86833914361376,0.860655396150953,0.662515077583572,0.757515224471674,0.823206714153559,0.905134546278452,0.888347584643007,0.829573666240206,0.485730277796396,0.794315987998031,0.860664437850842,0.745046666683995,0.604849580147618,0.571879794773297,0.776756738620708,0.711270049406464,0.568597522409535,0.824345572796247,0.703158500132212,0.642808880048637,0.801257276486283,0.843220029464383,0.769410326297282,0.888175626875297,0.68186901411908,0.390750543064036,0.781270114152762,0.716969212904437,0.810477360316272,0.791882300182628,0.850194775247578
"Chamaecrista_cinerascens",0.943236879544985,0.746105400520364,0.973734539883788,0.955457643633928,0.914642287656495,0.599767078463265,0.428379084834548,0.905077877544186,0.947853941564424,NA,0.776248555846568,0.599923635876333,0.810272197875646,0.539451409535787,0.575271785459509,0.69252093370548,0.66137244345354,0.619266627858066,0.45438082541869,0.56443274884844,0.640439531285436,0.911486618388531,0.792331121348125,0.354095650690854,0.737770703819346,0.514497105164411,0.387864205392548,0.627929495526761,0.485053052519767,0.439095519576328,0.68579277413472,0.825036818488346,0.712672449321984,0.69652853784771,0.420240522902425,0.252271348900847,0.547904756093493,0.465573145721125,0.589289639318588,0.5431884277143,0.813848345150436
"Chamaecrista_confertiformis",0.942551877311181,0.894185598607286,0.987087491222723,0.982526681502904,0.966033201909772,0.760268332162456,0.560404190382677,0.971415488747809,0.979035413700968,0.948753525538937,NA,0.806844382829381,0.652598385171759,0.684779370727409,0.736336093435637,0.807415231903937,0.785745129478256,0.7596706738392,0.47469969486969,0.720414692173787,0.818359686803029,0.803639295527906,0.602300791970412,0.507280825131742,0.85844446468134,0.645704020773998,0.515602668978737,0.83058131701265,0.638233517414088,0.580843552811889,0.854874501462629,0.909918272384255,0.834742092001949,0.818720204454507,0.631055541234697,0.349400761185925,0.718758250340948,0.644160712189285,0.796439922196439,0.743447560232241,0.796870277280729
"Chamaecrista_decora",0.921299161946507,0.966057616754236,0.946937725631936,0.970329812424978,0.981058859218679,0.869838961317914,0.67386244005323,0.992088761842711,0.975574234066014,0.875296025432778,0.968782869473463,NA,0.541271525802699,0.810121435487815,0.871354429337246,0.85765811016875,0.863072961663886,0.809895623321383,0.470449103202906,0.837201489869902,0.891654279666755,0.624893414130672,0.470446401550082,0.656674859166191,0.742108452463413,0.760672670679453,0.625917337352568,0.84360478372859,0.769640343718313,0.711498995837997,0.792253780290178,0.747706875475498,0.741529844952751,0.826919643054649,0.811784930951653,0.438454946831871,0.828313927990634,0.817312813217913,0.856142490322104,0.867475269014283,0.739147606467107
"Chamaecrista_depauperata",0.909000894302383,0.70722512062556,0.940395468200616,0.939723588787189,0.912782418326132,0.624834528804614,0.492553368356061,0.887521776132814,0.92435071324001,0.970395476052558,0.895186492040594,0.839924597196881,NA,0.528878715277523,0.554069325609408,0.662836707035652,0.636193268112253,0.5838205318859,0.44380490342785,0.542279291473223,0.55103995267951,0.733037506178987,0.881737215034325,0.364193391985939,0.591395285251908,0.5123655781205,0.400730552711872,0.516501209598745,0.474704886379872,0.449942783183837,0.558262377467577,0.680219758843531,0.572041899145069,0.640240623386975,0.383629329826667,0.286970241793503,0.509714897259215,0.448773229147215,0.494030279929946,0.500716753749027,0.799106059609585
"Chamaecrista_desvauxii_var_desvauxii",0.881922732701304,0.933945977090209,0.910944109670628,0.95107094814541,0.979747998083182,0.925052466292134,0.796999018611902,0.973397785582799,0.942431401262269,0.82502082444346,0.916810598680401,0.971315978464211,0.836267842650751,NA,0.8855999597964,0.813955016636835,0.856296767459016,0.831773527132622,0.479179057249994,0.960332651361171,0.831326118699786,0.553469683185288,0.448571969506681,0.792575122072548,0.612001924787935,0.900921630883624,0.755409635868407,0.686550054818416,0.906378055055263,0.882229608741749,0.643520705651326,0.658959488592253,0.606963605331119,0.81983681586271,0.759125652541361,0.556558713472839,0.858011096323488,0.845788791319778,0.692806315919487,0.731607387152524,0.715479156216443
"Chamaecrista_desvauxii_var_langsdorffii",0.929733877557906,0.945835106839764,0.933877750255753,0.968328103195516,0.98292150097676,0.890837150338103,0.675036083410107,0.993463337912734,0.976724680635278,0.872938198045024,0.94440175090592,0.984071128555094,0.869647061992294,0.97993193045535,NA,0.870603929359325,0.902163042346733,0.829129717520604,0.491132230739725,0.89813557534792,0.844804054603953,0.587241378998756,0.480191545503492,0.728285406932837,0.649486793447361,0.803771844363665,0.657363511454644,0.729850102771592,0.811163916202034,0.775214620224736,0.685047382881426,0.695694691574822,0.645437971689988,0.816598545458998,0.820585669797675,0.46068369205424,0.803521596498516,0.885052551778215,0.741501580438465,0.800987135492211,0.747526366304276
"Chamaecrista_desvauxii_var_latistipula",0.956180958309481,0.901839794858995,0.963431996579313,0.987950793483916,0.987384032768761,0.832180502901799,0.640453334510453,0.988683543614458,0.988157719909194,0.926200424281992,0.959530581269573,0.970922140485663,0.924512771289314,0.964390344727441,0.988403938271796,NA,0.94858273139957,0.862080966629964,0.501366663977561,0.85025595154136,0.847447770591125,0.698354925389566,0.59823622071441,0.624126478295178,0.711165404593109,0.770541181126996,0.625907686988881,0.753074501287478,0.759089074632057,0.699562192877318,0.731791553439834,0.788985826775303,0.702697069239607,0.896985654522962,0.701413553265169,0.438079540459771,0.818589234392227,0.758692048101047,0.747046601515243,0.769799201333308,0.859175670376313
"Chamaecrista_desvauxii_var_mollissima",0.9363877981282,0.919706414338585,0.962541278251458,0.987532128397658,0.996928847519166,0.860801129739902,0.679314706197973,0.994822552195709,0.986658589925684,0.912649912408058,0.960507464546903,0.980154137250203,0.915590133419423,0.978677087611931,0.991477489843675,0.993290343855995,NA,0.853289125196245,0.483443564431781,0.892370077609411,0.858927932821865,0.671827911725533,0.557983184804554,0.670467107469286,0.68821306066484,0.801696802099321,0.65363225997648,0.743961889117809,0.800670095260536,0.739990976022559,0.713039626520451,0.762174842866362,0.680471525091917,0.879047209611761,0.739316890039564,0.461309816951001,0.829396864471209,0.801519148749464,0.742384754082209,0.778453526026408,0.834718141320262
"Chamaecrista_diphylla",0.907046957166176,0.896209253362831,0.917290373371275,0.959341424529977,0.971089872550051,0.835357271663818,0.804010618935035,0.953444128319637,0.937942944112683,0.859418345607614,0.913863154328065,0.949729632588337,0.872994676200696,0.977493925019832,0.955535241472883,0.961274194790183,0.966635455995089,NA,0.496261956875673,0.868857270055871,0.796061529094708,0.631152779814414,0.516078133353549,0.627465798921025,0.685436867305801,0.849095024820715,0.71132429014537,0.728285481195749,0.830430900774751,0.733579179366297,0.705164760894741,0.739299885176848,0.677895153608562,0.910990092136296,0.672964858678493,0.542835364404718,0.901158578330205,0.732963345125095,0.726985349158498,0.748744605760931,0.780182643862665
"Chamaecrista_distichoclada",0.802963173415822,0.635472261828211,0.671370805452973,0.702912877703837,0.67219898096247,0.520853793408089,0.37702268570986,0.697918796216429,0.717509874217365,0.683503878676238,0.679007079883465,0.68274528806258,0.651515777022319,0.662687667541034,0.725617503226213,0.760205217132229,0.692537463093121,0.70450107728461,NA,0.481546096177092,0.45908174924225,0.463439684556917,0.448137678958373,0.369602647067642,0.468809591415522,0.473961740727186,0.405821826494717,0.450100823396018,0.454065748500913,0.446879533123684,0.459618191117335,0.479289164817481,0.46647933432354,0.490577594839078,0.38264614543997,0.275319704710599,0.461457221336623,0.454839207081413,0.44172092946698,0.462284092785138,0.485522345919629
"Chamaecrista_flexuosa_var_flexuosa",0.894628603454597,0.935675905088161,0.921938447273172,0.960384725483001,0.984662779978822,0.909724594454537,0.79018550931378,0.977725528776411,0.950473423316816,0.841362128829276,0.927284234225388,0.975864689660279,0.848979561708998,0.999021441927037,0.981630676791854,0.970238634960265,0.982766440568917,0.984032579479054,0.67416950288062,NA,0.856961775912912,0.580013189272695,0.463797281918993,0.755432864668763,0.644089156907458,0.895500528525835,0.745696954148889,0.716203217346505,0.900455802533804,0.846472615150855,0.674498965323937,0.68869816086889,0.638711305546864,0.852142428632101,0.759448228837915,0.547933708135212,0.884840837500117,0.839015268020441,0.71981436767533,0.755786619538071,0.739353381789271
"Chamaecrista_lagotois",0.896403694580075,0.941482358891971,0.9416568607496,0.951803642276785,0.963078491963743,0.8789354407584,0.638704988116536,0.976866950724036,0.959311079495408,0.856419608996334,0.962853058663145,0.986247179486174,0.808188048441189,0.955108232636072,0.964640377084217,0.949621302107335,0.959107174044002,0.915171832891687,0.654557990768979,0.956845132575349,NA,0.665202535921256,0.492090238747463,0.675626863703652,0.760866216463217,0.783302373019545,0.657555536407999,0.830966949553089,0.796386370853316,0.741410773119784,0.798558234450554,0.781523636525277,0.756035972822826,0.837403271234901,0.760767674609157,0.468777691327749,0.827964579353995,0.789743443265961,0.819388314884509,0.771805366780534,0.739852342768767
"Chamaecrista_latifolia",0.940893648639582,0.771151837924417,0.978288733753306,0.95586119345941,0.914805260464899,0.613343753910808,0.430905354362411,0.911200975704053,0.949261439740692,0.992234373521167,0.965070216094498,0.892367917051135,0.939344381157133,0.829384164503226,0.875309358535092,0.921774734320681,0.909742107237062,0.856149316844705,0.679176279040522,0.845262620641821,0.881249702586546,NA,0.707908807884726,0.369173623253836,0.798718246928003,0.528785164697681,0.401671189894306,0.676058358203146,0.501007057802249,0.453706615576361,0.735945580768463,0.870153072218209,0.770539440387819,0.706989009535692,0.443737770435992,0.265007114017103,0.566582062020225,0.482214124175552,0.631250831849801,0.567268382347806,0.766387622432111
"Chamaecrista_mucronata",0.909088094042652,0.630097315547078,0.894836662241708,0.891695891637419,0.843803750190452,0.518871907803784,0.378965300204755,0.827364526227627,0.881703441505882,0.955875534408767,0.847233097166923,0.775670650347506,0.970861870513144,0.757760367195828,0.815025434556458,0.884621789160186,0.852711814001313,0.815478955780159,0.740566523117673,0.774002572946555,0.742291212949802,0.923634429821621,NA,0.279780264034903,0.551387913995436,0.430783369168676,0.316451632349483,0.462906603215445,0.394015886405207,0.365668529439497,0.511967376387613,0.632345978755102,0.533815266682582,0.575748436670982,0.307577230175355,0.210331814165824,0.435332236728205,0.371036076112457,0.435789649811751,0.425553135485878,0.722962258250668
"Chamaecrista_nictitans_subsp_brachypoda",0.761621087461497,0.929196351448583,0.790233497891747,0.845520977305658,0.904004298289012,0.986315481670806,0.811628196473246,0.910020151159333,0.849946645019664,0.66263336130991,0.812072864490058,0.917591963147154,0.683675791850124,0.963143876856618,0.932078787259189,0.881229880181074,0.907450897204488,0.898086320023671,0.572594829165723,0.953053525258435,0.91135989197568,0.672924016331986,0.582947556426039,NA,0.440579031236754,0.738575578587839,0.739667960060299,0.543130257533666,0.77058976576993,0.878690380385026,0.48524686654159,0.472810517006798,0.43837257934493,0.612699768048573,0.746981228296488,0.581399094812009,0.694482341784283,0.802153504199339,0.565824471465903,0.6022202719053,0.526803574466405
"Chamaecrista_olesiphylla",0.933640822666192,0.875298218552141,0.970339847708129,0.959649549770441,0.934508719180296,0.708655705819486,0.514337836414596,0.944652297540211,0.958348147771786,0.934700999618711,0.984833264983451,0.953446734018393,0.854086419176185,0.879764572518297,0.911467319637311,0.92893335161282,0.9250883366712,0.886585092102326,0.678233684086646,0.893153726285211,0.950907670708801,0.961580235291744,0.821660893985604,0.76749035816523,NA,0.580613367528646,0.460528085056494,0.857665869945962,0.573105709757877,0.518161267468513,0.920010975783879,0.870718541429856,0.957289581806918,0.736263009887795,0.570738447139352,0.30457871451186,0.65281837624648,0.568875612873829,0.806257261753293,0.695794737049916,0.700881083839178
"Chamaecrista_pascuorum",0.839210801803141,0.900448972459284,0.873917542062568,0.920670821792704,0.95355243177735,0.896340213149905,0.876185885211828,0.932902711871748,0.897636745596078,0.784167965147243,0.876166081312871,0.936307866162519,0.8067564511477,0.986133931368323,0.939036148745275,0.926547357892942,0.946055244170807,0.982268441791655,0.621471633223491,0.986011146592831,0.911404708341189,0.787255772677399,0.720111226150987,0.943216360032369,0.839263727013788,NA,0.849534051705512,0.650812742975404,0.951489154127775,0.856499228328422,0.610399669859323,0.628872952246977,0.574999715944553,0.796718003550588,0.686120026406213,0.652397231413075,0.904872372125837,0.769121469743997,0.657394399415934,0.689415144321049,0.68539445677496
"Chamaecrista_pilosa_var_luxurians",0.726641122564568,0.855507378216759,0.765693768335147,0.825312378140108,0.875985756029967,0.881785946665595,0.953864723186665,0.848239458233558,0.794063769424004,0.65180740222432,0.773555603009266,0.862118851619282,0.687823784885311,0.939450953379951,0.860640747413028,0.833996828975928,0.864085148978089,0.935583552617275,0.532501682887896,0.936460458591564,0.833160540107278,0.657035076250498,0.583401650407167,0.926777556170808,0.733200233424071,0.978542769232662,NA,0.537250961893259,0.8449260540945,0.810235818855997,0.49242785111007,0.498024364548409,0.455802819870302,0.657882030045025,0.623875504637933,0.800844157178495,0.786206323399548,0.68655663801391,0.551675708434356,0.57583392053022,0.550565590419436
"Chamaecrista_potentilla",0.910511607702423,0.938608696640647,0.938190882892232,0.944645826181836,0.938968659538129,0.789730721443384,0.576748663912904,0.959272114701885,0.952927070819225,0.872283187752001,0.969134456876456,0.978572534524486,0.793975934922045,0.912200854713067,0.937638614199977,0.929459265644818,0.933018724016739,0.897497346325173,0.670412248532919,0.920917041894762,0.97539099087796,0.905193274298017,0.746542317288466,0.843208343477089,0.982117225449865,0.870194886860551,0.783481941543847,NA,0.664348095169194,0.60454478035754,0.920358895935966,0.792489496464683,0.869451781650825,0.761851957117917,0.69811941323425,0.365696954011023,0.74022974529429,0.676924148133773,0.927862522674592,0.813877556723682,0.695709874637293
"Chamaecrista_repens_var_multijuga",0.82629093625335,0.920808642385803,0.859899393458738,0.908802435846215,0.946046408805378,0.912898851956618,0.878559620987789,0.930678944976826,0.888654991602894,0.757984789844253,0.87125035834242,0.941303851757963,0.771347886686488,0.985294607942567,0.937509482225209,0.916014377901441,0.937827046323286,0.973780011311212,0.613393255192281,0.984431998472509,0.918821890154497,0.767170614124172,0.680750164475819,0.956668081663104,0.838195695740933,0.996782840166032,0.980792524644725,0.87996101174827,NA,0.877119973279659,0.612439177983777,0.607715013434429,0.569903006032191,0.776658437483017,0.728337063564753,0.647367271042026,0.916662855442396,0.801915139809598,0.677147538008416,0.703089033975673,0.661030287974123
"Chamaecrista_roraimae",0.805577589108788,0.919108649983137,0.851293023216949,0.89660252487663,0.94344047016062,0.958658595668132,0.847593388414585,0.934189712548265,0.886247228096428,0.737522347626685,0.86053521498355,0.939160024083062,0.757701809388989,0.987358067047076,0.945019917536592,0.914425841677166,0.939215713600165,0.946202712461338,0.588048022035486,0.981386472935421,0.930682009535375,0.745215075953784,0.658399455338893,0.984889542823572,0.818462248194472,0.982428832456817,0.960861974590805,0.869158929608459,0.987040612698419,NA,0.5548517559579,0.554615521862728,0.514642841773292,0.715279536710003,0.713929764819638,0.614947235121865,0.80065193181605,0.804941672972633,0.617696065832153,0.650450430481328,0.60871459330864
"Chamaecrista_rossicorum",0.921899751761619,0.909107992722314,0.953615256077188,0.950855006450622,0.934112781136503,0.744969741775199,0.542302360891934,0.950319739558286,0.953719782569262,0.902883543989283,0.978261528164102,0.966074915976542,0.819593152478043,0.892833989928123,0.921956074927822,0.926354232619182,0.926238966619596,0.889555591925262,0.674403829545447,0.90437388177228,0.963310265485269,0.934566491401036,0.78025161453287,0.801633111095713,0.993886714993013,0.851674772483322,0.755613719615952,0.99283095288588,0.856813908991193,0.840267431254278,NA,0.836131030392574,0.936270338989375,0.751642713527534,0.636521442685025,0.329205379645354,0.692111286953538,0.618776618003026,0.879581900672141,0.758439592764832,0.702764252499394
"Chamaecrista_rotundata_var_interstes",0.952166559893731,0.860935863976377,0.993818668888071,0.985289207253403,0.963509654045384,0.735144195603257,0.530552653041105,0.964940775487592,0.982486554946938,0.970471178660484,0.992292251023102,0.956416460506055,0.921682116971909,0.905500587473615,0.937642916245115,0.962386192972261,0.958714021592377,0.909330849735339,0.687746013572841,0.916624430564612,0.950414867233963,0.982190127257133,0.884572306931951,0.787357578979636,0.984679592455513,0.86298124718414,0.749902678201222,0.957310247928841,0.852394272190791,0.842021478104869,0.971643918316253,NA,0.839211037104615,0.808661130286272,0.565307021333885,0.33924166429499,0.678492386259391,0.595222420533306,0.752293936678076,0.68821657571868,0.80908334229028
"Chamaecrista_rotundata_var_rotundata",0.931453058787063,0.879255612523284,0.961835190058347,0.953125128834192,0.928294542586417,0.70306701916648,0.512282536403893,0.940559108454931,0.953412935577679,0.925479912546029,0.978849640951412,0.951961323022605,0.841627207949814,0.874753398447016,0.907879605201109,0.923289332299532,0.919128246625653,0.883370405202937,0.681559399865753,0.888678971774134,0.946974752783153,0.95352551220641,0.811149985051863,0.764919931491701,0.998435662027983,0.834559994169463,0.730434569300495,0.983674796904502,0.835160124418096,0.813344030743612,0.995730644528289,0.978139320289033,NA,0.72662212760568,0.577415996016662,0.298825595138917,0.64984358459891,0.568120814272195,0.822478093896208,0.706415798119684,0.685213468094434
"Chamaecrista_rotundifolia_var_grandiflora",0.93394792776053,0.89775235685095,0.955307201375148,0.984048877630982,0.988052865917593,0.831187442080835,0.746554100549118,0.973910143401667,0.966518786340854,0.905276324715195,0.950616003803604,0.966807596035475,0.906267803728105,0.978473351216626,0.969047796652548,0.980337316958427,0.983687871145821,0.992424308744592,0.708587975283146,0.985212388893125,0.941608018117768,0.905262494675955,0.851505048519893,0.88799221184525,0.924512131242527,0.970186809883523,0.903581743929952,0.924381547177163,0.959932794962938,0.939412372389944,0.922168758706794,0.949647750469841,0.919044749934778,NA,0.657018107315285,0.484946313994385,0.845592050688904,0.716981707671755,0.75252533468799,0.740270744326418,0.831664156340815
"Chamaecrista_simplifacta",0.795217315268044,0.980779228658381,0.798652741669585,0.846067161657598,0.886734764556002,0.915059940238322,0.685505851548856,0.918239516176236,0.869792338618974,0.683751760159921,0.849039194623351,0.944874042670071,0.646269680027434,0.921418210350564,0.928853117338684,0.872184748269778,0.891979403161181,0.863348591119082,0.605942616938125,0.918226751401854,0.932193432722174,0.71300035132799,0.566397308448189,0.947593443437576,0.839036167580674,0.881894970100534,0.843432169296057,0.920337317087216,0.906958295609146,0.920933273008132,0.880804261119456,0.818764346243231,0.846028902511361,0.862563315508282,NA,0.460039041238875,0.710567428785422,0.875503812327919,0.740591114727195,0.798417930572292,0.580713408885509
"Chamaecrista_supplex",0.558543920798751,0.729995960867354,0.59530670926529,0.667492920962843,0.7321409396985,0.79533533418472,0.997775722876984,0.693450992116745,0.625721079332008,0.470859376807522,0.603543297874771,0.71409525328769,0.528473628627851,0.827802601576327,0.714494851537353,0.679912087966452,0.717365508680329,0.831851215494401,0.409593899676379,0.821505436672849,0.679600071791517,0.474499857572212,0.416345573583066,0.838660634696326,0.558680408166749,0.899766852808218,0.968002510438618,0.620792255339808,0.901951499712569,0.873533125916958,0.586612702126175,0.574022148865047,0.556839455133732,0.778736863107373,0.722869556708624,NA,0.604778441334634,0.488606325135187,0.380992869624621,0.395913364087694,0.384723158446698
"Chamaecrista_swainsonii",0.851777641203855,0.922545010964814,0.887952507807006,0.928966307450128,0.955650294779778,0.881152805229111,0.854469614924574,0.939411729921812,0.90554261211509,0.794987808532182,0.899185217087467,0.952322717015682,0.794021562472359,0.980989807696652,0.938104110086358,0.925592678992016,0.94407172934061,0.981771001664739,0.630657672901801,0.983898184585233,0.928863365814366,0.806731371607779,0.710557882125855,0.9323519333626,0.87456245668526,0.992724516295714,0.968249532002788,0.904702926429564,0.99523031550605,0.972917069852583,0.888628933574529,0.881585303373827,0.872047839564554,0.972227115692443,0.899307029068983,0.879371162692354,NA,0.765186274087113,0.742807416467614,0.747223839482391,0.70948384851072
"Chamaecrista_tragacanthoides_var_rasa",0.870584189501973,0.965194741899114,0.873625640536502,0.920908190903047,0.952197866662619,0.929616282301288,0.724699704108102,0.967042930801323,0.932070765278302,0.785419573994027,0.89796958134715,0.971105856209205,0.781725233774583,0.975380165720185,0.981737692233394,0.951104204076096,0.960115385854606,0.935730331703576,0.692755272150943,0.973330111272083,0.951091331934094,0.795713470448615,0.713375671731062,0.96428640518657,0.866552077395555,0.940568449398838,0.886470820215052,0.919440195186826,0.948830827765233,0.960305893745414,0.891092102081288,0.881448732793851,0.866120517828496,0.938215497964732,0.963122490561633,0.760711799000568,0.940938886766095,NA,0.70536190806021,0.775872875509871,0.639758567125994
"Chamaecrista_tragacanthoides_var_tragacanthoides",0.899421718829714,0.953129037601242,0.920566585213362,0.935322721097764,0.936909384774035,0.811438689886467,0.599626289162505,0.958387804260067,0.946319224888366,0.847166866443274,0.954749863578899,0.980788900180776,0.774983850192074,0.919439954258376,0.941765739409333,0.926326034101643,0.932357100315155,0.900508576067171,0.666269126948533,0.926949072714303,0.974301544220089,0.878139722935221,0.722719032359556,0.865043082390751,0.966823919545713,0.8786802096524,0.799860879934266,0.994065253552333,0.891173842306327,0.883307839400399,0.984766814651228,0.941100086257653,0.971521144988073,0.921412028910423,0.94251591148642,0.642842340462891,0.911612699604938,0.933139733155444,NA,0.844197914381308,0.682632609727015
"Chamaecrista_ulmea",0.912959823307843,0.97202531562857,0.92016921962756,0.951352723111476,0.959437265851969,0.830697988049858,0.642604230556419,0.976723971780646,0.962609453880359,0.859913803137404,0.949184107362735,0.985877471954092,0.825102543932017,0.944259554323196,0.970436965165075,0.954987388282107,0.963208420846578,0.931855107689721,0.683651119885666,0.951508341509328,0.955218980665574,0.873156954774304,0.765388916676495,0.890374187835582,0.935180112170224,0.90737321904399,0.833192532688277,0.964614623044408,0.913800308671244,0.904921296685345,0.950388077167634,0.934074516131568,0.937089133080945,0.943577633575304,0.940884120925693,0.684395106122654,0.926430524350542,0.960777279552741,0.970490960994183,NA,0.693334465514237
"Chamaecrista_venulosa",0.9488119102274,0.842882023193623,0.978088645687927,0.986827219217167,0.977625127995058,0.758433532313303,0.587704636206925,0.967225013365378,0.981820194091583,0.966403954585998,0.957543186082439,0.937276083258932,0.973434500734344,0.926213359223082,0.953942106397363,0.981272750753988,0.980283246577691,0.936535519933956,0.694869065996298,0.935421886940768,0.911046009478223,0.952263753277269,0.926915136965877,0.812831360501537,0.920487805088853,0.891209702603164,0.787248017463332,0.894648609656341,0.871044174589741,0.864887071539789,0.904852403999196,0.967937280946753,0.911953266587885,0.964020379985151,0.796254729492073,0.62684351968122,0.88768726548511,0.893905363543655,0.88430371850242,0.923116418219333,NA
