"Chamaecrista_anceps","Chamaecrista_aristata","Chamaecrista_arrojadoana","Chamaecrista_blanchetii","Chamaecrista_brachystachya","Chamaecrista_burchelli","Chamaecrista_calycioides","Chamaecrista_cardiostegia","Chamaecrista_choriophylla","Chamaecrista_cinerascens","Chamaecrista_confertiformis","Chamaecrista_decora","Chamaecrista_depauperata","Chamaecrista_desvauxii_var_desvauxii","Chamaecrista_desvauxii_var_langsdorffii","Chamaecrista_desvauxii_var_latistipula","Chamaecrista_desvauxii_var_mollissima","Chamaecrista_diphylla","Chamaecrista_distichoclada","Chamaecrista_flexuosa_var_flexuosa","Chamaecrista_lagotois","Chamaecrista_latifolia","Chamaecrista_mucronata","Chamaecrista_nictitans_subsp_brachypoda","Chamaecrista_olesiphylla","Chamaecrista_pascuorum","Chamaecrista_pilosa_var_luxurians","Chamaecrista_potentilla","Chamaecrista_repens_var_multijuga","Chamaecrista_roraimae","Chamaecrista_rossicorum","Chamaecrista_rotundata_var_interstes","Chamaecrista_rotundata_var_rotundata","Chamaecrista_rotundifolia_var_grandiflora","Chamaecrista_simplifacta","Chamaecrista_supplex","Chamaecrista_swainsonii","Chamaecrista_tragacanthoides_var_rasa","Chamaecrista_tragacanthoides_var_tragacanthoides","Chamaecrista_ulmea","Chamaecrista_venulosa"
55,20,46,123,20,18,8,3,21,25,146,9,17,155,30,93,79,19,98,9,25,16,40,86,32,0,11,82,75,12,28,32,29,8,18,16,39,5,62,15,13
28,19,76,240,95,21,5,48,23,27,2,13,68,97,34,82,38,50,95,146,9,24,73,99,32,125,15,64,86,13,32,30,32,7,8,7,205,30,123,21,0
59,22,91,106,4,16,53,51,29,27,74,5,35,4,18,36,115,417,61,3,30,61,5,23,12,53,132,55,35,163,31,34,25,151,21,9,71,21,27,22,56
49,7,117,41,121,20,0,67,55,26,90,52,134,40,54,31,30,64,44,24,25,69,11,21,39,53,1,28,18,61,54,51,60,16,25,5,110,31,60,5,55
30,36,18,152,20,24,7,55,32,47,53,6,116,19,37,224,2,111,94,44,29,25,89,12,53,168,190,87,3,110,118,42,65,22,15,30,0,1,31,85,0
24,29,61,262,102,26,16,8,47,50,86,31,82,64,17,17,21,149,99,33,46,43,130,27,6,3,10,22,104,8,30,18,29,62,29,11,151,28,49,109,36
103,22,62,319,25,19,12,117,30,73,36,44,177,16,29,21,5,125,32,28,20,37,362,46,54,0,0,22,5,185,28,21,26,138,3,14,10,21,34,33,107
67,13,53,91,84,8,126,28,28,39,61,27,48,19,23,0,44,11,95,55,18,26,84,24,22,3,11,45,0,73,30,40,40,0,26,36,135,17,56,49,60
36,10,11,121,87,16,27,22,2,38,30,10,230,8,52,56,269,238,96,35,21,40,98,67,5,71,111,52,76,11,42,49,29,63,37,155,5,51,48,3,115
32,29,106,38,120,8,5,37,56,28,80,60,95,4,30,16,108,34,30,15,44,28,51,21,49,18,0,23,20,18,23,5,21,9,18,96,71,57,64,75,22
26,24,40,122,22,11,8,25,37,15,51,32,160,88,68,5,22,28,98,12,32,14,108,57,25,130,20,57,4,116,47,31,31,317,20,38,68,30,111,97,5
43,18,41,81,10,6,27,84,31,83,51,4,19,22,21,115,50,17,103,71,33,44,73,51,9,75,18,54,3,11,30,103,30,70,49,221,5,18,31,10,44
3,18,140,53,104,17,25,38,25,21,145,28,45,14,115,147,19,175,91,97,24,54,107,8,31,5,0,49,15,5,26,26,25,83,21,14,22,31,13,2,4
40,16,198,38,99,19,19,62,14,83,94,31,142,36,4,390,32,26,97,66,59,52,38,350,20,3,13,58,20,346,118,69,23,19,31,97,94,20,24,31,32
46,21,5,277,13,23,12,74,28,122,40,49,136,34,59,15,4,194,103,6,17,66,69,31,51,6,81,26,55,65,19,25,27,29,6,2,335,22,7,19,93
4,22,3,119,61,5,71,105,18,103,28,34,134,53,48,78,9,120,94,0,18,17,111,52,38,69,9,25,88,6,23,60,28,38,11,4,0,32,29,20,30
60,22,41,249,30,24,11,66,60,56,84,39,156,15,16,90,15,489,32,5,45,51,73,43,3,13,88,48,14,22,19,34,18,73,19,22,3,9,32,32,151
29,17,6,67,43,16,6,17,57,44,112,19,110,28,16,61,86,170,36,97,12,65,4,65,27,6,42,35,21,77,23,46,47,89,18,8,215,64,30,5,221
44,15,31,74,6,21,3,3,14,26,27,72,163,64,22,20,99,45,25,74,35,30,8,50,29,28,50,25,13,10,48,47,31,187,20,17,70,16,67,18,183
106,60,89,89,51,6,11,38,42,107,160,0,115,51,41,23,29,31,23,276,26,38,273,15,25,9,53,64,246,19,24,15,83,192,29,223,8,32,71,11,20
22,21,66,33,0,12,12,87,3,64,139,38,80,5,25,8,36,97,33,46,23,52,140,14,78,9,0,43,19,9,12,20,35,35,22,9,265,0,33,86,112
49,15,146,29,15,14,0,144,1,81,229,24,147,21,19,96,18,175,109,22,11,75,101,7,87,29,3,23,19,8,52,15,20,48,30,1,89,3,24,19,60
26,11,52,103,142,0,6,45,18,44,102,66,145,19,81,31,16,161,8,10,52,47,79,16,29,13,3,65,23,16,46,38,27,15,18,140,25,24,36,22,0
4,20,72,6,8,20,109,60,24,35,108,3,172,33,49,51,34,8,93,22,29,49,133,102,33,15,29,52,20,188,22,65,20,101,21,39,18,26,74,0,74
86,38,108,241,115,27,0,22,46,62,21,56,118,120,55,63,2,354,95,169,43,25,20,71,22,122,15,58,18,25,43,54,20,106,23,12,53,31,62,21,98
47,15,39,77,69,18,36,98,30,28,130,28,137,124,37,90,130,213,94,21,14,20,112,24,50,45,0,23,19,63,31,70,100,11,21,11,249,6,23,17,11
43,12,6,272,134,17,46,1,19,77,173,13,20,143,20,17,27,0,97,5,22,13,186,79,110,32,9,53,97,13,23,8,25,1,34,15,169,30,32,6,85
4,15,98,90,16,7,12,61,35,48,28,26,129,21,27,35,71,25,28,45,15,33,125,0,52,69,12,65,3,9,31,29,41,3,32,102,185,31,29,20,51
52,0,36,374,58,18,13,58,51,102,67,20,232,71,26,53,21,360,30,44,30,40,113,14,35,0,0,42,25,5,40,79,6,52,24,63,76,62,19,9,85
28,0,41,49,99,31,9,26,1,46,165,26,25,290,19,321,52,11,88,96,35,60,66,40,50,16,7,57,17,4,47,38,50,26,18,14,138,52,11,21,41
66,0,55,120,186,23,16,87,68,54,127,13,126,0,73,52,50,93,54,7,22,58,133,48,43,10,15,32,10,0,82,50,23,66,36,20,128,59,31,16,231
23,20,189,88,82,16,58,61,25,77,155,11,101,249,16,234,199,135,97,74,22,20,55,16,24,26,12,50,105,99,30,29,43,75,27,5,77,0,41,3,2
44,17,27,61,95,9,2,19,5,26,53,49,155,19,15,181,8,285,103,146,6,35,91,84,63,79,44,29,14,37,39,22,26,9,27,45,146,25,20,80,0
30,21,45,85,169,13,45,76,28,50,188,1,27,13,32,41,0,91,96,63,21,23,39,23,32,41,5,40,72,1,36,19,20,75,15,3,171,15,49,3,180
70,8,29,95,44,25,14,124,14,28,106,22,49,10,98,12,147,135,95,13,45,55,44,5,45,2,83,43,9,40,40,65,29,69,31,8,45,33,23,25,44
39,25,23,142,25,21,30,52,24,59,140,42,129,29,271,377,111,27,33,216,26,19,53,66,20,26,22,50,76,53,22,16,34,13,28,11,0,2,21,18,48
54,17,49,231,18,14,48,63,43,29,108,27,151,20,7,352,143,14,29,267,25,21,43,49,26,153,14,46,26,13,1,25,64,107,33,31,2,19,27,26,32
41,16,43,138,89,17,25,39,36,39,40,23,101,18,28,22,26,4,56,13,27,44,17,65,54,13,0,13,0,7,29,23,59,46,31,33,410,45,19,21,74
66,24,52,12,28,12,24,31,56,35,170,87,198,31,30,19,9,20,94,20,52,48,33,29,64,92,43,37,142,40,30,21,35,234,19,64,149,23,28,16,14
48,3,66,79,1,13,17,3,41,56,58,37,85,89,116,13,9,127,97,88,64,38,55,76,19,166,85,29,30,5,27,95,20,214,25,43,132,36,3,5,1
43,0,16,52,56,15,48,23,12,14,90,59,5,166,32,84,180,30,97,59,22,52,48,18,14,17,11,47,17,16,8,12,49,99,22,14,17,3,28,20,37
78,140,103,9,3,13,22,6,24,27,62,0,10,17,65,101,35,94,106,7,46,23,54,16,13,54,115,53,81,4,22,26,78,6,20,9,110,19,28,5,85
13,9,115,53,102,18,10,14,2,15,96,51,159,75,32,40,66,426,92,196,28,43,61,28,45,7,25,59,254,60,50,58,50,119,7,84,253,31,29,3,121
27,18,43,112,12,24,8,73,45,35,63,2,61,261,0,76,29,99,103,109,10,50,15,22,77,8,13,62,29,21,39,18,24,10,27,80,9,64,21,14,8
1,20,45,81,73,6,4,4,14,43,18,31,48,228,32,105,127,256,92,43,14,49,63,101,24,90,5,37,5,40,29,74,27,54,28,8,121,7,34,17,50
88,17,53,106,98,16,9,58,34,94,127,0,64,9,64,56,22,31,94,84,1,31,75,7,46,12,76,6,60,52,28,33,28,75,32,8,357,58,31,9,39
29,37,3,227,52,17,6,53,77,142,72,14,260,81,22,91,18,14,65,51,25,51,139,8,23,62,52,44,1,1,34,41,40,109,23,15,119,40,52,22,45
52,23,48,11,63,16,43,54,58,33,160,30,109,8,23,52,38,209,115,52,24,41,143,258,38,13,45,39,5,4,23,38,31,253,25,5,74,6,41,5,47
1,20,73,146,39,14,10,43,55,17,106,19,90,38,27,247,209,126,90,42,14,82,27,86,42,270,1,36,44,71,27,4,52,14,2,17,120,0,10,22,13
30,17,44,150,113,23,25,57,39,40,81,33,76,25,18,41,89,83,92,199,28,20,65,51,38,10,13,58,32,17,33,24,61,177,21,9,225,14,32,37,75
50,67,18,114,9,21,19,98,25,44,59,41,134,5,21,108,53,5,94,62,17,68,109,38,30,65,28,57,64,21,32,31,26,25,30,16,210,3,32,18,66
2,21,67,73,67,21,33,59,64,49,127,21,135,12,15,156,299,14,104,62,25,24,20,20,24,82,21,37,73,3,81,12,70,98,19,8,238,13,30,20,39
60,0,52,60,10,16,8,145,23,91,26,4,22,25,15,74,40,236,63,120,39,47,69,35,28,7,21,44,12,9,63,53,46,116,26,20,211,101,25,19,40
26,22,64,45,65,7,9,32,104,128,86,36,150,31,32,181,99,11,42,451,44,39,31,42,19,49,9,41,102,63,30,33,74,192,18,10,4,13,23,3,37
96,17,46,119,166,13,13,60,19,31,100,37,123,9,55,33,33,12,30,20,2,52,28,31,15,5,27,45,4,317,33,36,6,268,28,3,227,8,62,6,154
94,21,66,111,7,13,118,14,1,55,105,26,46,57,62,43,55,5,30,28,13,70,112,16,8,89,37,55,82,0,51,26,56,232,12,7,0,36,37,25,0
104,16,16,130,27,9,0,73,88,1,62,8,161,185,20,114,36,183,33,19,23,55,44,3,42,78,45,56,27,13,31,61,40,122,18,10,8,15,65,18,110
55,20,99,11,11,20,8,105,38,32,81,12,146,99,87,39,20,42,58,62,23,44,34,24,30,190,38,52,151,54,94,20,51,554,19,90,152,6,31,77,18
71,13,30,159,26,11,41,19,45,46,105,32,191,19,31,101,30,105,106,84,60,41,201,59,24,158,186,25,22,69,40,74,41,60,19,13,110,26,26,18,32
63,33,41,87,43,2,6,30,24,24,44,18,19,16,38,19,160,90,88,208,15,40,60,47,44,57,9,1,70,246,34,84,35,53,26,154,239,13,27,17,30
71,4,87,119,3,13,15,28,57,11,151,64,106,257,33,16,67,64,86,56,32,60,23,62,35,5,121,43,76,37,21,22,25,16,26,266,72,25,35,33,111
79,4,50,80,19,31,11,27,20,65,111,42,102,187,30,148,352,230,84,93,19,33,151,23,34,64,12,111,25,41,51,54,32,13,21,5,43,8,27,5,23
64,25,52,27,22,4,0,122,21,88,52,38,54,18,33,21,430,174,107,20,59,34,20,62,32,2,42,65,62,45,32,9,21,38,37,29,25,1,29,15,101
27,20,30,76,3,13,17,36,57,52,123,17,117,95,25,5,65,138,101,269,33,88,136,24,11,17,19,28,63,0,23,24,34,58,17,106,104,18,33,20,30
57,10,11,219,19,8,12,55,62,125,124,26,128,69,13,37,18,134,88,129,20,66,51,22,56,16,46,126,66,28,2,55,25,17,28,6,55,25,27,19,30
68,18,46,7,47,15,19,161,18,32,49,34,30,22,5,20,22,43,46,174,21,49,145,5,96,4,3,51,20,3,28,38,26,62,32,4,4,48,25,18,119
72,0,70,73,120,16,61,88,35,89,43,21,79,167,41,6,5,137,65,106,15,67,174,49,28,59,160,52,11,58,27,24,24,258,34,12,79,24,65,45,4
39,9,79,113,28,13,6,34,31,92,113,18,192,66,64,31,58,41,97,84,38,48,14,112,20,56,1,61,59,82,26,56,13,9,5,18,85,22,44,22,18
60,20,89,51,86,22,0,85,5,21,196,20,225,48,66,50,152,3,31,161,29,109,109,86,59,71,47,48,145,121,33,23,28,80,20,31,7,30,28,15,27
49,17,7,43,94,18,0,83,26,63,74,23,104,39,19,7,36,156,96,88,21,116,6,40,26,5,6,46,73,32,30,26,28,90,54,11,31,21,27,21,113
1,20,84,109,17,23,0,98,26,66,137,84,13,9,10,15,37,9,104,134,25,14,99,37,23,0,14,19,41,42,34,32,43,192,18,4,81,25,59,4,20
49,15,40,37,71,2,5,70,0,56,80,74,127,6,19,78,61,114,46,94,20,43,33,17,24,333,9,31,190,11,43,81,61,72,11,2,274,12,34,59,22
115,21,93,98,65,20,13,112,4,70,36,49,131,159,13,121,116,41,105,15,13,29,106,56,21,9,6,19,114,68,26,90,17,118,21,7,19,30,25,11,70
64,36,49,127,15,15,20,31,36,58,98,17,173,51,23,76,35,90,93,17,28,60,148,19,26,11,7,25,80,4,49,107,25,5,27,144,36,49,25,84,37
39,17,26,17,20,16,33,3,2,61,190,61,0,34,36,105,46,0,95,47,39,22,83,57,34,62,40,13,0,18,25,85,24,72,18,58,266,4,29,4,99
60,25,33,278,30,4,6,53,0,114,64,7,176,80,14,21,30,97,18,80,37,20,61,39,26,0,56,39,34,16,25,55,4,252,23,123,29,18,20,90,24
87,20,21,225,1,17,0,263,19,153,41,69,149,12,184,85,29,156,105,10,34,30,51,0,53,46,4,25,135,12,25,52,22,224,27,23,132,27,35,26,82
6,48,42,104,33,22,10,63,22,36,120,44,16,165,41,29,108,63,94,24,67,26,28,30,63,97,5,31,0,49,20,5,56,55,29,18,103,4,32,31,23
70,13,103,0,8,18,8,101,5,66,78,0,126,27,107,133,37,391,15,34,47,52,16,46,42,26,27,1,33,11,64,62,105,271,38,8,88,34,29,19,5
45,13,141,83,68,20,8,34,0,107,42,35,0,48,61,121,189,414,97,94,17,45,123,58,32,52,2,29,12,21,88,28,41,58,20,8,83,0,22,21,165
35,27,59,156,73,15,0,74,5,48,24,30,96,59,72,58,30,171,89,138,27,69,96,66,36,62,51,66,77,53,22,28,55,7,23,5,8,11,58,24,121
25,1,141,158,110,22,16,60,17,63,22,21,114,80,32,86,1,117,94,33,11,22,143,19,51,144,27,39,70,39,30,44,28,76,25,18,200,19,32,21,132
4,17,15,195,99,30,0,54,28,61,51,92,164,14,21,20,40,95,97,23,33,59,91,18,53,8,4,55,56,12,34,27,27,19,24,4,5,8,27,20,39
55,17,75,32,79,9,10,170,30,82,100,35,254,611,67,127,61,58,86,7,30,126,57,14,62,167,19,81,42,87,36,55,34,32,5,45,82,14,27,20,18
22,19,89,30,41,17,17,71,1,48,80,21,146,23,40,19,118,99,111,23,40,59,64,116,44,2,0,47,24,0,62,30,18,61,21,13,16,9,30,19,138
19,23,15,256,42,17,30,104,40,70,148,51,168,11,46,11,90,1,32,13,16,28,43,105,15,70,70,62,69,24,19,25,47,74,29,22,39,31,29,20,28
28,12,68,20,37,21,5,43,44,50,93,42,15,19,20,34,28,16,93,1,20,36,91,92,29,21,10,25,26,17,50,50,19,29,21,4,7,17,12,79,0
3,17,26,19,250,4,17,278,25,18,157,1,43,19,57,237,132,11,96,13,26,32,92,50,21,11,95,46,106,17,31,27,38,36,25,51,104,32,10,0,10
103,78,62,142,19,6,33,52,46,49,175,37,1,57,32,432,29,25,98,10,23,30,12,39,34,42,21,61,31,49,26,63,28,33,32,8,142,15,41,16,119
7,19,61,272,63,18,16,52,7,16,167,32,80,211,41,68,107,118,94,42,27,23,81,25,28,14,71,28,58,20,57,16,28,293,1,0,13,29,53,84,23
64,16,9,100,128,12,53,31,50,55,88,18,14,8,59,105,119,16,64,18,21,49,99,23,17,114,19,47,3,95,60,16,32,16,62,50,10,18,24,14,130
27,26,43,155,40,13,36,69,38,102,173,64,1,26,22,9,512,106,66,100,2,63,68,14,26,10,10,25,90,5,55,27,72,11,11,14,227,6,37,14,70
85,14,22,55,32,20,117,62,38,81,77,82,128,94,20,1,42,101,31,63,13,36,61,4,25,75,38,60,16,19,59,80,39,64,26,64,306,23,33,20,94
4,11,103,78,67,19,119,8,23,59,72,46,133,57,13,19,211,163,27,31,33,40,114,97,59,11,30,60,26,17,27,26,26,33,32,66,90,31,14,8,149
61,20,95,81,93,10,7,1,1,37,77,17,61,9,13,38,14,15,96,186,24,39,263,24,85,71,95,26,13,37,24,62,24,44,12,8,78,84,26,17,20
46,17,6,143,18,17,6,145,33,44,237,15,104,80,38,71,137,10,94,75,31,54,166,12,21,76,22,49,49,56,18,37,19,47,18,5,80,0,37,20,31
85,18,141,98,25,23,12,2,21,158,53,32,96,320,148,125,53,105,106,227,18,19,39,20,34,12,43,42,14,10,32,51,61,3,20,164,159,0,123,22,24
60,18,165,52,31,24,0,78,15,58,103,31,107,119,16,237,284,262,95,0,35,53,50,10,42,78,60,22,42,115,71,10,46,134,35,52,105,90,11,21,31
62,60,77,41,7,18,25,39,17,26,56,28,0,54,31,104,147,29,97,12,35,64,84,9,32,12,129,22,320,60,21,71,38,7,32,82,114,32,24,17,51
30,122,38,135,70,18,14,103,58,36,76,16,205,104,58,72,55,45,97,9,1,82,29,59,39,54,40,13,72,18,15,25,49,39,25,7,13,40,30,80,40
28,0,9,119,48,19,30,68,35,47,72,24,26,18,36,75,90,52,27,5,20,50,25,54,22,1,11,54,29,9,117,26,26,74,16,6,46,32,22,90,246
28,15,49,154,52,21,7,66,22,50,142,83,107,30,1,5,43,87,96,22,21,41,23,14,35,103,0,56,0,48,40,21,58,13,9,9,42,5,41,21,60
40,24,10,197,54,22,7,39,45,28,91,53,10,0,135,4,87,14,91,1,26,12,33,84,55,26,64,60,44,8,46,5,40,25,27,0,92,23,8,116,46
38,64,61,48,141,12,4,34,25,43,115,46,67,4,6,57,41,50,30,93,1,53,139,37,31,30,78,55,93,52,27,62,24,105,38,53,10,12,20,18,20
80,69,66,52,30,16,21,54,46,89,107,9,114,22,31,6,27,26,33,357,70,44,135,63,45,3,52,52,85,10,54,45,55,90,10,10,101,43,28,19,21
14,14,55,154,29,15,34,57,52,43,142,16,75,60,38,34,10,249,12,20,9,58,59,33,22,17,115,65,16,30,57,48,32,314,16,24,244,19,23,31,132
2,19,25,102,59,8,5,14,36,39,87,18,11,52,87,380,177,165,105,206,45,37,63,11,56,120,47,9,12,39,33,21,30,101,29,9,0,36,27,20,6
51,15,38,99,52,17,48,32,17,57,107,39,166,262,96,3,18,16,62,17,31,29,105,15,67,88,9,2,63,58,22,28,60,269,31,3,75,10,30,93,165
40,23,64,93,150,13,13,67,41,31,102,50,139,13,58,11,45,25,94,16,26,20,97,38,14,35,7,14,46,19,24,4,50,2,19,0,18,47,23,22,33
24,14,42,96,6,13,10,3,17,88,75,20,17,10,50,168,127,63,108,188,31,30,6,36,20,10,87,49,184,3,29,133,54,5,1,154,66,10,65,19,3
37,21,107,53,53,13,6,67,22,52,142,13,177,72,58,18,95,19,20,17,46,60,51,0,35,55,4,66,77,51,26,24,23,76,21,31,60,17,56,66,62
77,21,28,13,76,12,0,51,63,39,82,25,160,206,67,28,134,32,88,6,18,46,157,43,13,53,88,38,68,4,30,43,31,55,6,18,16,0,34,21,19
47,15,61,65,0,20,9,114,23,63,86,33,182,13,23,19,326,75,97,237,47,68,71,65,24,15,5,55,128,1,30,27,70,98,3,7,1,23,36,18,7
2,18,53,65,245,20,5,66,79,87,123,60,178,23,15,12,19,160,25,11,57,29,159,118,25,0,22,55,93,54,68,113,34,85,31,10,57,75,34,14,28
53,27,52,291,55,6,8,61,24,102,60,71,66,27,155,34,64,305,63,218,31,20,64,28,13,15,17,19,5,3,29,75,28,240,21,62,2,28,9,18,91
4,5,85,85,16,29,51,50,38,107,207,32,100,47,48,16,14,5,94,6,3,16,149,18,58,15,18,37,40,30,22,66,26,0,31,5,91,29,32,13,0
31,19,72,117,81,15,10,34,23,60,166,53,0,77,24,98,11,6,26,58,18,52,122,38,28,10,8,39,39,33,58,3,38,204,35,1,86,22,34,21,55
65,21,64,39,14,19,40,154,16,61,57,6,12,65,1,64,154,20,92,46,28,40,55,59,62,59,32,2,10,10,57,12,20,81,27,2,77,17,32,20,21
20,19,29,57,1,17,4,31,48,55,124,5,0,90,18,86,36,148,30,4,38,35,4,28,35,8,9,42,38,12,19,32,30,16,29,29,67,6,28,19,93
23,17,17,95,24,26,7,22,30,31,4,28,126,98,17,497,17,76,99,143,40,21,138,15,14,0,7,28,7,13,64,9,98,23,10,48,260,21,122,87,21
43,1,35,99,113,15,0,362,56,32,96,25,0,215,20,0,70,26,25,32,26,32,115,30,32,115,18,49,127,3,22,35,23,36,29,54,12,8,65,1,79
59,35,199,87,27,23,47,20,35,72,71,68,185,306,60,33,157,62,103,45,10,63,56,54,33,35,8,51,105,16,44,56,51,99,26,24,64,15,16,33,10
1,17,67,51,41,15,3,18,1,55,93,65,130,46,43,38,158,53,104,62,34,53,9,16,20,17,6,49,50,9,35,82,26,0,20,8,89,14,61,19,66
62,49,60,6,25,14,5,75,20,51,67,21,110,87,51,255,32,8,99,366,18,38,49,26,54,5,7,18,45,2,25,5,27,53,10,34,233,60,14,4,27
25,16,61,0,87,20,106,21,13,48,47,24,124,17,1,20,18,225,92,55,43,11,135,63,45,9,0,26,20,98,32,40,32,136,24,2,259,38,55,3,28
34,17,45,14,1,12,32,32,19,118,12,4,39,140,113,367,29,0,94,117,25,22,54,18,23,20,2,74,98,14,55,25,61,152,25,21,9,4,31,7,172
7,17,203,321,109,16,126,57,30,82,8,26,100,3,17,117,204,131,28,63,17,28,147,11,26,57,20,23,72,21,25,34,60,57,29,8,7,14,9,14,4
24,22,74,9,93,20,7,66,36,66,70,3,107,46,36,5,19,31,96,13,29,61,108,24,24,22,182,23,0,7,28,38,26,66,33,103,72,31,23,13,89
74,21,41,66,26,16,11,2,19,40,120,55,187,6,60,353,86,34,2,20,22,26,63,0,49,70,99,22,82,33,34,5,35,47,34,11,0,30,30,5,130
34,14,28,145,105,20,4,259,65,90,138,5,55,44,0,53,108,139,31,10,35,46,15,33,25,4,80,50,18,1,28,93,38,13,22,25,61,5,33,76,25
4,5,55,155,40,12,9,2,29,20,126,26,131,7,18,107,5,10,86,121,52,96,124,30,25,21,6,67,28,103,51,20,43,80,5,0,182,30,32,5,176
2,19,38,393,13,16,1,51,59,16,123,47,95,18,41,134,19,0,91,3,39,15,70,0,18,0,57,36,21,4,25,52,26,94,23,8,103,5,31,19,0
37,24,50,92,60,6,4,21,42,74,131,22,72,4,48,108,75,224,50,15,19,66,146,8,51,163,11,23,66,17,29,16,20,34,2,62,25,47,68,14,135
40,28,20,8,51,20,9,109,47,3,112,6,71,85,39,47,15,29,29,8,38,33,166,41,70,8,7,24,82,4,33,25,65,131,25,22,250,45,8,116,35
15,12,66,63,71,20,4,8,30,84,99,5,95,36,15,6,73,327,29,572,23,89,42,37,50,21,0,54,32,92,23,59,64,171,11,39,32,31,44,17,20
21,19,104,309,21,18,9,50,34,69,138,4,112,392,18,79,16,85,94,39,29,44,10,22,30,115,53,55,262,8,27,62,25,80,19,216,56,25,29,2,48
48,52,31,27,12,15,41,56,43,105,131,15,20,7,44,85,24,119,85,43,41,15,102,21,42,149,9,46,148,14,25,26,30,197,26,59,84,17,38,21,0
53,25,38,77,39,19,36,160,4,49,179,38,112,18,47,17,29,226,93,59,25,29,18,45,44,80,184,60,5,391,34,26,21,84,19,4,73,20,111,14,15
57,20,42,284,11,17,13,179,2,47,234,14,82,16,68,64,55,32,2,65,19,23,96,14,29,35,16,30,20,13,56,28,29,67,20,11,79,0,28,1,31
88,27,50,163,1,20,30,85,47,18,129,55,8,17,64,15,58,39,97,55,24,34,127,77,7,0,0,30,149,8,65,64,31,72,27,21,44,21,15,24,136
53,17,48,120,23,2,6,89,32,23,82,22,3,33,27,43,18,38,33,84,14,83,83,22,14,13,10,22,3,179,51,90,34,128,17,9,201,31,31,17,67
31,74,15,80,0,13,24,150,43,22,56,34,8,28,41,54,1,69,32,191,41,48,102,12,26,7,41,71,0,3,23,19,18,436,30,5,75,18,56,19,174
100,20,28,102,15,15,2,64,17,35,66,57,20,40,42,170,8,6,29,143,11,54,59,100,42,5,104,19,18,10,32,13,35,122,22,4,326,21,59,30,30
40,11,59,101,101,23,38,79,32,119,139,29,218,5,95,20,33,149,90,175,30,72,116,51,51,212,101,35,17,3,19,42,31,7,29,11,44,13,62,5,0
29,17,51,170,92,6,19,218,30,126,119,15,64,0,24,36,0,122,23,35,25,41,29,50,46,50,59,14,100,280,29,12,27,126,23,18,17,30,31,140,46
27,16,58,107,72,12,11,70,50,44,52,22,28,7,83,156,35,18,31,2,27,25,49,9,28,89,2,39,42,12,12,28,33,121,8,17,0,29,14,19,245
97,19,33,57,9,5,17,28,29,56,161,52,72,14,76,96,60,108,97,7,18,74,14,74,17,62,31,12,49,200,26,54,21,111,19,3,245,37,29,20,100
32,19,5,42,51,12,18,142,20,69,89,8,172,27,29,73,33,51,36,138,51,60,92,6,25,20,18,5,28,47,20,5,35,8,19,98,9,16,6,17,40
17,16,69,10,12,4,8,40,29,62,74,43,125,46,13,314,22,18,31,19,12,29,65,20,38,72,180,19,75,51,30,49,29,300,21,5,63,35,27,18,25
109,30,44,53,151,12,18,26,56,55,78,5,10,4,13,76,71,20,95,70,8,52,29,36,30,38,32,13,120,9,26,5,32,63,28,6,255,16,33,16,7
51,18,21,143,20,3,63,1,38,34,85,8,113,326,20,5,140,267,104,90,51,15,140,8,18,19,14,62,60,7,35,17,22,94,11,3,223,44,62,18,12
54,25,67,6,142,7,14,74,17,75,8,62,127,9,18,88,4,50,53,5,21,18,55,27,44,9,34,52,15,64,27,17,33,7,21,8,10,9,47,73,123
23,26,208,281,63,26,5,52,33,58,20,42,163,9,62,116,21,16,92,238,19,44,49,57,20,103,6,47,26,3,39,22,20,130,56,11,13,0,31,0,47
5,16,142,235,56,15,209,49,18,42,101,63,8,122,21,298,26,213,31,61,21,36,92,25,56,52,8,69,25,17,54,15,31,3,19,48,106,39,31,13,268
46,12,101,89,12,21,6,22,11,19,60,53,43,50,24,4,61,93,105,102,49,25,2,12,19,40,65,61,234,7,57,7,31,118,18,87,0,23,28,20,19
93,19,17,108,49,17,46,102,15,61,62,30,5,13,16,0,75,30,91,114,25,26,54,23,20,3,19,51,0,15,22,17,20,19,19,12,193,17,27,5,145
61,18,51,77,98,18,8,105,28,22,56,41,75,270,20,29,36,18,97,202,31,70,103,71,53,0,12,50,1,62,59,100,1,17,18,36,13,1,20,85,59
73,18,57,187,69,9,16,107,51,13,184,1,44,14,40,18,284,53,66,64,16,35,134,60,50,39,71,30,253,72,63,40,19,7,7,13,208,17,31,20,124
54,16,20,219,0,19,14,23,49,68,53,17,135,46,13,49,34,6,32,13,34,55,113,58,26,62,0,71,19,7,31,63,52,241,28,10,27,27,24,17,301
32,55,21,26,12,5,0,4,6,39,126,16,199,15,88,32,17,16,33,134,49,62,409,15,17,236,8,43,21,29,32,45,63,8,19,5,11,14,32,0,19
5,7,96,160,97,22,9,31,28,46,58,69,116,62,33,93,43,241,63,44,51,63,14,21,20,2,8,65,62,267,41,83,51,8,23,4,132,10,27,18,114
35,20,66,139,61,16,0,124,46,25,16,25,16,15,82,117,92,41,59,302,57,29,67,90,51,38,33,23,116,2,39,52,32,12,31,12,10,31,28,20,64
71,1,101,34,94,15,16,36,45,42,161,32,90,80,74,68,71,113,28,27,19,61,213,9,40,83,36,28,233,118,49,36,28,58,23,8,72,31,39,16,89
54,25,93,122,5,29,7,58,28,39,114,46,10,63,54,5,27,11,29,50,34,69,127,100,33,21,13,61,9,40,110,47,25,99,21,21,97,12,34,30,95
28,8,47,60,81,8,10,0,25,44,2,34,61,47,38,161,67,379,32,53,59,56,71,6,20,177,12,25,65,5,29,29,27,74,15,13,126,15,28,11,142
95,14,27,18,57,15,19,24,74,111,121,50,83,438,46,114,9,56,35,36,25,68,26,14,19,90,126,43,7,16,36,28,25,42,31,0,92,33,21,15,79
54,27,88,53,27,12,90,2,17,53,57,3,40,31,180,30,57,238,92,180,11,75,74,22,52,1,50,46,70,9,20,22,37,90,28,1,237,29,25,18,23
14,22,61,83,52,12,7,21,26,41,17,26,65,14,14,78,45,11,86,43,20,60,64,17,19,4,160,68,23,7,66,40,21,21,16,4,74,21,27,22,34
5,21,32,119,66,20,15,110,35,22,105,15,243,44,153,55,135,113,100,2,5,23,73,22,18,15,7,54,103,17,25,53,30,98,20,6,11,16,31,86,30
46,43,40,5,242,20,9,29,60,95,86,5,176,17,28,314,98,206,31,298,28,46,25,7,27,45,60,52,14,78,26,23,54,48,21,29,286,50,69,17,64
24,20,79,336,17,3,26,121,29,55,65,37,127,42,153,41,23,245,120,197,14,27,267,159,50,53,16,32,0,7,46,47,31,122,2,37,229,25,109,18,188
71,19,167,148,5,14,6,44,25,34,97,37,177,294,0,23,44,147,88,16,25,37,87,6,27,14,14,67,14,12,65,19,21,23,18,12,213,12,30,18,115
29,9,60,104,284,14,85,1,22,52,94,26,0,40,11,77,18,15,38,48,33,16,41,24,62,60,24,67,6,23,21,21,29,55,18,15,261,6,19,13,141
64,4,132,47,200,16,7,102,33,16,120,17,95,45,62,31,24,24,61,33,7,24,12,96,63,29,33,49,75,8,95,68,31,11,19,55,172,4,59,17,52
56,13,57,123,124,20,19,67,1,48,70,6,24,346,33,24,86,73,98,73,14,23,103,22,41,12,8,61,27,4,30,14,15,32,26,40,90,0,21,3,144
29,12,76,228,11,6,10,27,14,27,88,29,71,15,4,50,14,86,105,23,8,28,132,16,54,74,4,29,70,46,30,6,36,64,13,170,51,6,14,18,99
29,46,11,57,44,14,14,46,31,45,21,54,77,21,20,29,224,236,93,72,31,22,140,55,36,297,11,49,3,122,21,57,19,97,15,22,4,22,17,19,51
4,44,61,103,67,19,3,80,33,21,177,29,129,106,65,47,102,130,29,17,8,42,95,26,96,27,40,31,6,0,48,7,37,77,5,0,0,1,75,4,34
3,15,66,70,6,18,3,2,24,57,95,53,112,45,151,8,101,110,87,29,6,30,50,49,23,151,51,57,12,82,22,100,31,78,26,9,12,1,23,10,101
23,17,13,65,12,16,0,22,5,34,155,15,0,3,10,23,35,9,96,157,32,47,25,57,30,4,2,64,38,13,50,44,13,76,20,49,0,17,13,30,6
34,14,46,57,90,14,81,52,65,57,147,9,113,138,47,27,24,0,32,4,36,46,217,15,22,91,17,36,59,4,49,27,26,60,34,14,121,6,32,77,55
20,8,121,307,20,12,3,21,4,48,57,80,92,295,114,49,5,0,102,64,27,25,56,0,78,15,0,2,0,6,30,45,42,31,31,9,27,34,29,0,115
103,19,84,14,0,20,22,387,56,89,73,20,0,3,17,61,96,27,94,12,42,27,47,80,26,35,134,3,21,80,7,55,30,120,13,134,117,30,31,20,43
30,0,49,57,28,15,15,167,57,94,72,26,143,72,13,187,127,127,32,46,33,24,67,67,24,182,104,55,32,194,32,16,29,64,20,10,47,45,23,97,69
79,22,169,177,5,11,0,76,21,65,145,11,192,0,29,32,85,17,99,9,49,14,9,34,32,160,11,42,53,25,25,21,44,264,9,74,55,21,31,9,96
23,8,50,227,72,31,70,126,28,61,6,9,23,40,28,35,108,219,29,86,65,72,336,41,28,5,11,36,13,5,29,24,32,157,8,38,30,30,9,14,48
62,10,30,95,97,13,29,3,4,124,67,13,132,19,5,38,29,20,106,15,54,66,87,10,13,66,0,14,66,477,54,40,32,88,17,100,91,110,25,13,12
31,15,341,110,110,19,47,95,71,53,141,18,5,115,25,46,104,44,68,132,22,56,301,80,28,70,0,31,18,13,26,24,12,78,9,0,21,22,23,1,0
38,35,47,39,88,19,0,1,23,47,37,18,52,13,15,35,90,188,100,120,15,31,48,25,26,230,189,36,83,18,30,9,58,74,28,6,150,21,117,10,25
112,17,87,33,48,9,8,65,84,64,110,34,11,9,74,63,145,101,95,292,30,31,55,26,61,12,22,18,0,25,31,5,18,11,30,12,226,17,64,22,165
1,19,37,135,5,16,0,0,43,102,28,23,1,15,20,373,1,305,41,64,63,36,43,48,39,19,22,30,5,4,31,22,20,99,32,36,6,42,28,18,0
62,1,12,65,37,7,5,54,41,61,253,60,142,15,0,26,135,80,98,12,22,21,154,3,60,157,0,36,163,15,47,30,19,132,14,11,158,22,8,21,20
53,19,54,241,59,8,0,74,16,97,140,30,1,17,56,92,2,11,88,185,18,49,22,32,45,8,11,23,117,2,28,25,35,58,23,22,227,10,35,19,48
3,21,43,90,19,20,11,61,65,51,46,22,231,35,25,165,93,1,91,28,43,49,13,0,72,117,110,3,98,18,47,28,26,18,8,7,73,24,30,20,22
3,24,64,63,104,24,10,54,26,40,182,8,111,17,54,177,23,68,93,7,22,93,31,73,81,30,9,58,0,53,33,22,28,68,22,6,47,25,20,0,15
36,18,39,127,73,19,10,52,35,90,62,3,99,15,229,24,18,307,33,0,32,26,13,21,65,5,61,58,44,24,54,31,52,8,28,13,58,15,13,15,137
31,10,54,86,168,18,6,50,46,11,64,6,116,16,60,21,40,125,97,55,22,52,43,2,57,2,72,45,9,155,26,17,35,11,31,6,48,60,117,83,32
37,19,32,167,140,15,13,134,5,25,129,36,16,17,21,32,166,47,102,23,21,33,15,99,24,8,26,51,9,524,23,67,9,71,33,10,17,28,34,1,105
71,57,115,10,20,10,1,9,60,46,152,11,162,60,57,47,24,128,26,38,7,59,64,1,40,1,35,14,76,17,53,48,19,104,26,8,1,32,62,8,50
66,27,55,21,61,18,0,4,33,55,102,31,52,13,27,26,108,8,99,261,16,43,119,30,43,118,5,6,58,6,60,48,34,16,18,5,57,23,31,21,88
49,20,25,73,55,15,4,125,13,53,93,12,137,18,26,152,23,52,99,333,45,77,31,29,9,8,61,66,15,47,27,27,19,20,34,3,80,37,28,23,407
26,19,8,139,70,15,76,49,3,62,71,30,33,40,5,7,32,45,40,112,17,109,137,14,49,22,20,59,0,46,28,25,66,79,17,35,176,2,30,99,256
49,15,36,184,36,22,45,4,31,151,122,32,176,284,83,340,21,84,104,11,37,37,59,23,30,4,4,47,33,80,40,30,28,20,30,10,296,15,31,102,181
51,21,18,179,69,19,9,55,2,57,160,45,196,22,43,97,54,17,97,86,27,54,54,12,62,53,27,53,285,71,26,25,37,52,24,117,227,38,12,26,48
30,20,65,18,9,17,0,47,28,16,127,32,170,20,38,46,200,36,94,46,63,22,130,11,23,28,14,85,6,6,33,43,18,25,5,68,36,2,25,23,97
22,18,66,59,93,45,0,91,21,25,11,62,160,8,16,272,20,150,92,42,12,31,70,58,25,233,23,49,3,248,41,75,23,38,26,34,189,2,25,34,402
28,23,86,23,39,25,52,61,16,62,193,49,17,113,12,71,64,43,104,5,29,28,20,103,24,5,16,35,7,0,53,46,25,4,3,20,238,21,21,0,38
23,20,145,145,26,5,13,50,25,36,52,55,20,13,62,16,20,124,20,0,19,59,58,26,35,1,5,24,11,7,70,42,42,65,25,9,60,43,40,0,108
23,17,70,156,22,13,200,98,30,46,182,19,138,124,36,110,30,349,87,114,22,25,151,16,37,52,7,39,0,13,30,12,58,16,25,1,277,8,36,16,98
8,17,22,90,164,8,3,39,16,82,54,28,137,15,70,6,136,20,31,28,6,31,49,53,40,35,3,78,19,19,60,25,29,82,20,13,8,15,13,32,84
105,17,16,53,26,13,17,112,82,52,89,31,114,9,57,304,152,228,89,62,21,57,71,14,13,62,0,26,0,13,19,32,27,251,34,21,186,5,9,20,42
30,16,29,102,123,21,0,66,33,68,26,18,117,69,47,167,23,8,95,65,21,60,50,37,34,16,3,52,58,10,31,49,33,54,1,105,154,31,23,42,134
18,44,139,119,17,37,0,89,61,41,56,53,30,22,128,45,50,211,97,368,1,29,54,10,16,84,49,44,244,118,24,32,78,58,29,12,16,4,33,20,100
75,30,103,123,138,5,14,276,71,35,141,33,46,108,44,31,58,121,30,109,15,28,94,80,39,15,15,53,16,57,20,11,55,21,27,11,6,15,23,20,88
25,4,38,19,9,11,8,33,35,144,141,30,1,12,128,21,96,8,32,20,2,29,54,16,39,14,2,62,240,1,53,10,24,20,20,71,36,29,32,61,78
44,2,67,106,136,17,11,64,97,47,5,15,35,82,19,206,37,13,42,2,25,53,26,127,29,3,6,46,23,53,29,54,68,166,28,40,31,1,30,23,0
94,25,61,48,9,18,8,64,24,30,75,77,18,12,23,49,4,22,93,62,1,32,149,13,28,7,44,71,18,5,7,96,33,297,19,3,274,31,27,9,36
52,21,51,68,43,22,3,36,6,44,127,85,22,56,2,9,31,103,93,4,41,42,276,5,19,61,59,68,113,91,50,34,26,239,17,15,72,34,32,21,21
60,19,32,19,2,20,3,33,30,16,78,3,138,284,30,21,72,37,67,30,62,49,99,0,30,59,34,60,22,58,29,2,28,122,21,35,40,26,60,20,20
2,18,34,283,206,20,7,57,18,64,151,0,130,8,21,164,20,34,94,17,14,35,127,59,33,15,4,18,33,6,21,41,45,130,29,43,0,19,28,94,155
54,21,34,86,7,13,13,30,32,79,98,49,177,36,20,99,37,114,32,23,1,70,11,24,15,17,10,56,22,194,17,44,27,90,11,12,15,31,41,16,30
4,16,30,19,88,19,10,30,122,66,137,31,8,30,37,45,10,15,96,88,65,42,80,16,30,19,231,57,80,5,37,28,31,54,29,197,74,25,37,22,0
6,26,219,76,57,15,8,63,21,12,216,47,122,23,74,148,44,66,104,41,33,56,57,6,63,55,19,25,49,5,47,61,41,172,23,65,12,17,78,9,81
64,78,84,19,20,6,20,104,17,32,48,3,178,15,74,93,18,52,28,61,12,25,99,18,52,2,21,29,30,20,50,60,23,55,26,21,108,31,42,9,26
51,15,121,52,115,11,6,53,29,27,105,64,65,14,73,37,30,162,8,7,11,41,114,18,45,15,176,72,86,8,29,21,28,54,27,7,36,0,95,17,29
31,15,71,123,96,11,0,41,27,29,105,1,31,276,20,141,44,18,87,202,28,59,114,73,47,6,1,43,95,51,35,33,65,88,54,9,66,23,13,20,118
51,22,32,116,11,18,13,50,94,21,89,25,165,20,40,10,39,102,21,16,7,65,87,16,60,6,12,75,0,4,29,53,54,81,12,16,114,30,32,0,2
29,11,50,101,26,6,5,63,29,97,179,14,17,70,43,176,19,126,37,71,21,30,77,2,60,12,5,8,76,168,24,13,30,223,17,8,16,32,61,27,0
29,18,24,27,17,22,11,37,23,55,74,22,13,48,19,319,13,72,26,281,4,14,390,20,33,12,59,3,3,42,52,36,60,66,20,6,33,30,66,27,7
79,14,111,92,74,14,65,80,1,29,69,47,144,87,63,110,13,40,93,22,32,27,13,96,34,7,15,19,51,16,25,30,23,17,14,15,86,17,25,25,20
71,19,50,42,185,13,54,1,11,73,190,23,140,58,33,24,28,148,92,12,20,21,83,56,8,58,16,54,119,5,30,52,45,31,26,7,9,28,32,1,67
88,5,6,110,90,17,0,55,38,49,140,12,31,32,21,32,82,191,95,62,35,99,112,14,29,267,120,51,83,58,14,46,27,255,20,20,79,46,30,17,154
1,16,11,146,49,19,46,20,24,35,117,55,128,8,30,22,133,44,34,86,30,56,62,19,91,220,35,31,143,20,14,31,36,1,28,7,16,50,8,21,18
70,40,112,76,55,11,31,53,26,98,87,14,216,30,22,37,33,100,87,1,43,45,62,30,46,36,108,56,217,138,58,25,27,17,9,2,91,35,63,19,188
103,6,57,103,5,19,23,35,18,59,131,38,75,9,34,128,32,88,37,54,28,41,82,59,28,0,16,20,7,0,14,18,32,34,30,7,12,32,29,3,157
39,43,31,11,5,17,12,53,40,64,35,19,108,117,17,67,86,47,30,105,21,61,50,21,14,109,13,54,52,19,19,35,9,198,34,8,91,1,33,8,96
5,87,72,84,34,14,174,10,49,48,136,16,150,54,99,10,4,9,27,36,22,53,91,19,72,8,6,43,16,26,23,25,34,20,3,13,237,18,69,16,124
53,1,134,141,56,15,29,25,26,65,77,17,104,95,0,11,19,73,21,111,34,42,150,47,28,62,17,26,8,41,25,46,34,74,53,4,130,23,1,13,103
58,20,17,159,111,19,7,55,36,84,34,16,28,79,31,149,15,0,28,117,23,22,59,13,40,18,24,3,9,2,50,45,86,3,24,162,7,10,37,90,48
145,11,43,63,64,24,8,65,59,42,58,1,109,128,88,25,14,281,89,19,4,63,103,29,7,67,81,47,56,6,28,14,31,145,24,4,59,48,57,21,42
30,14,52,146,25,17,2,98,31,50,69,38,137,6,13,397,88,3,92,276,30,20,111,33,79,144,130,35,12,8,45,34,41,0,31,12,258,72,35,11,59
56,18,106,18,79,20,9,13,25,22,27,27,176,36,61,23,24,202,28,4,38,23,50,281,43,27,67,39,132,8,30,49,15,136,20,9,12,27,32,4,191
20,76,47,130,60,15,13,22,78,51,129,35,115,30,46,16,115,84,103,536,25,27,94,61,23,13,168,17,35,5,23,18,24,57,24,16,73,26,31,5,51
42,25,47,106,111,11,48,158,17,113,64,52,139,43,0,4,75,190,34,174,39,52,47,5,39,17,30,49,39,3,25,29,38,3,19,7,137,16,11,114,30
38,10,208,158,68,19,6,62,8,63,199,18,176,103,13,224,46,404,90,98,31,31,63,37,31,13,49,69,46,25,21,53,37,46,18,15,42,16,4,80,83
74,17,12,18,55,40,29,190,29,87,53,52,15,192,22,31,16,25,87,65,15,60,55,80,31,3,57,45,61,15,32,30,37,4,20,5,12,22,25,100,49
22,72,42,5,92,17,39,32,32,46,101,42,126,179,6,38,48,14,95,11,27,33,142,33,25,68,9,27,167,10,35,32,28,124,19,115,38,17,23,80,29
34,9,26,90,83,17,11,31,36,55,149,30,114,17,11,37,45,20,97,20,18,12,77,55,30,21,42,22,21,9,27,19,72,52,24,122,63,27,63,7,40
30,21,19,66,31,11,13,13,48,3,72,10,62,285,32,109,186,86,28,20,13,29,166,7,48,88,37,77,40,48,19,18,34,60,22,14,83,27,20,21,22
19,14,86,11,129,9,16,28,1,29,165,26,191,29,48,19,148,18,78,37,30,37,50,40,57,0,12,32,13,3,24,42,23,112,36,42,90,22,55,92,62
89,21,61,47,17,21,16,29,20,23,91,41,53,138,19,19,43,199,49,170,43,61,168,209,25,74,6,36,15,8,33,50,28,84,31,12,1,50,18,4,11
27,19,32,55,84,14,3,35,29,20,61,21,11,110,39,11,27,17,35,114,16,28,70,17,28,28,13,57,18,53,28,53,31,82,25,74,0,21,11,84,32
66,35,50,92,20,22,3,60,66,19,81,29,12,128,45,19,121,195,91,59,19,52,71,22,20,78,12,29,19,14,23,30,27,33,19,9,3,1,60,122,138
83,14,85,144,131,16,56,16,4,99,75,29,143,50,22,47,50,30,47,65,39,27,48,6,56,9,34,34,21,15,33,13,32,232,22,10,309,22,24,30,9
18,19,107,151,59,23,0,38,40,8,163,7,106,113,10,46,58,208,91,101,48,56,148,20,49,74,12,41,47,61,26,19,24,6,21,3,70,106,30,4,132
55,85,69,271,90,13,35,2,20,132,137,13,15,4,17,60,77,0,39,0,18,59,31,15,4,8,3,19,26,446,33,43,41,18,21,65,35,22,20,15,29
55,16,68,80,64,6,0,65,36,28,34,30,16,136,216,164,31,13,96,129,23,91,96,18,24,3,19,38,3,337,65,31,50,112,7,7,1,12,27,85,25
32,15,126,62,64,21,18,8,5,77,129,39,95,21,23,91,12,302,95,10,18,33,67,53,27,66,13,62,111,1,25,28,26,57,3,33,1,31,23,14,171
54,62,4,34,89,17,65,5,96,23,139,31,44,97,18,79,1,77,21,108,36,43,14,47,49,4,6,31,11,11,29,16,39,72,4,27,31,5,26,109,13
27,1,44,298,74,22,47,42,24,127,98,58,122,13,25,361,283,110,97,60,48,32,18,60,101,6,14,36,4,7,54,38,45,125,19,3,33,0,29,20,49
23,21,4,97,51,10,17,9,50,50,76,0,66,12,77,164,44,17,106,12,56,38,69,12,26,40,11,54,122,8,36,62,31,114,28,17,7,30,23,18,32
23,23,141,96,54,6,12,126,23,49,101,9,69,26,52,84,57,163,104,43,48,68,77,36,24,27,97,39,14,4,32,20,64,78,17,3,175,17,25,6,42
49,52,58,102,60,22,9,87,39,47,90,50,148,16,68,93,37,30,106,0,42,35,18,22,32,37,15,38,50,69,37,52,26,67,7,43,75,21,13,23,57
50,14,177,32,6,15,4,29,2,59,18,25,31,59,7,29,143,13,31,52,8,51,143,29,53,90,25,25,82,343,71,81,13,86,21,11,245,24,68,94,5
31,38,62,156,6,21,4,59,21,66,165,21,8,67,63,92,17,79,36,21,36,76,8,24,21,0,19,27,51,7,29,28,40,0,23,18,149,25,53,8,22
22,54,84,85,21,13,0,67,19,16,58,6,103,202,16,23,26,136,94,115,24,61,6,192,27,74,44,26,207,11,59,27,40,57,5,11,26,21,29,0,56
54,11,48,288,40,15,55,17,23,16,23,27,22,52,49,286,54,53,61,17,46,49,28,55,15,11,0,44,14,9,27,20,21,13,23,6,125,67,55,16,55
29,4,38,68,83,14,53,21,36,63,2,51,93,43,18,85,138,64,97,1,41,23,290,13,35,12,12,19,21,14,25,81,3,75,6,9,125,12,4,1,31
107,1,26,196,32,27,4,55,48,60,196,0,139,59,20,28,72,110,31,24,27,85,144,22,38,0,25,51,4,17,54,43,36,103,22,9,8,15,31,19,51
25,0,105,241,60,19,3,5,23,31,51,21,149,331,73,21,15,88,20,47,24,142,36,5,25,61,3,26,24,13,47,18,19,37,19,12,41,5,29,16,2
60,20,52,132,48,13,6,138,71,23,159,93,78,216,38,199,34,2,25,49,40,30,178,3,25,10,112,59,132,15,63,17,23,53,12,11,15,28,30,18,53
60,3,167,90,63,15,6,73,24,44,90,68,151,97,10,31,88,50,26,61,31,28,81,495,49,0,6,37,9,27,31,23,20,49,30,112,43,27,2,91,128
63,14,68,20,14,7,12,28,23,41,68,13,41,73,116,19,259,19,59,2,12,33,107,13,50,10,7,36,101,27,38,29,44,141,15,58,43,1,32,20,149
42,18,61,190,98,27,28,1,61,26,67,75,216,18,46,67,149,266,31,52,27,60,148,36,31,62,13,31,18,6,38,122,39,77,20,14,56,0,27,16,42
55,21,93,106,35,18,45,106,32,45,23,32,65,49,15,69,178,31,90,175,9,53,151,63,22,15,13,58,97,46,29,27,54,268,24,14,85,31,47,111,123
73,8,60,20,31,13,10,4,63,134,54,52,131,18,96,62,32,18,93,92,34,25,74,14,40,14,13,62,92,9,29,47,30,46,24,12,63,15,112,21,152
66,20,64,107,119,21,0,118,58,31,91,44,0,107,70,0,28,15,95,131,36,27,107,21,14,47,15,21,26,141,26,24,40,17,25,17,126,9,21,85,3
61,19,112,144,6,8,123,104,14,50,135,19,23,18,85,188,5,213,94,34,19,42,168,30,47,8,9,53,60,5,23,16,13,180,19,19,70,24,32,17,63
137,18,5,149,6,18,0,5,24,64,70,3,1,16,55,23,71,20,3,6,16,51,75,11,72,6,1,17,149,120,30,54,34,78,20,12,72,22,35,4,144
34,84,49,77,76,12,215,65,26,55,18,20,131,12,24,58,198,421,83,4,17,73,18,201,54,185,0,9,36,51,34,37,31,10,35,5,9,33,39,79,53
76,29,70,54,92,22,27,23,25,16,160,24,133,126,36,27,29,33,93,118,24,26,176,69,34,46,26,22,77,44,48,16,57,2,24,17,173,19,28,19,6
69,19,35,27,46,23,72,67,66,45,138,0,186,6,41,0,87,58,32,10,1,28,23,7,23,15,14,31,209,4,27,27,37,93,10,20,14,42,26,19,21
20,30,82,62,37,20,6,15,55,69,20,37,131,6,64,146,55,236,105,93,25,79,124,21,21,9,172,40,7,14,64,32,23,13,12,5,12,55,21,14,63
38,17,136,136,147,7,0,4,11,124,166,55,208,40,64,136,51,65,25,146,67,56,40,34,34,28,14,7,18,161,50,24,61,278,17,12,65,3,32,17,48
18,22,30,68,37,9,0,59,42,50,64,6,76,166,100,31,44,212,135,7,50,23,24,17,24,20,29,24,62,3,48,18,21,240,23,2,170,23,44,3,23
26,36,61,97,1,14,10,5,80,56,105,13,129,16,98,6,254,12,93,11,8,96,151,15,44,18,11,25,93,19,32,28,71,91,29,5,3,27,31,18,9
96,14,63,151,208,7,7,28,83,59,37,21,72,60,105,167,41,9,59,54,26,14,133,21,19,42,41,56,4,13,25,12,23,77,15,45,250,23,33,21,34
64,23,83,210,161,20,15,62,2,105,3,14,152,26,8,369,1,213,32,119,54,34,54,16,21,7,9,38,7,4,21,9,25,95,16,21,99,80,69,2,56
24,4,4,39,23,8,10,139,52,76,82,57,127,41,29,20,167,258,33,245,1,58,117,25,47,12,7,67,1,9,35,32,54,8,20,2,45,7,32,7,53
53,14,71,3,107,6,154,81,53,51,93,18,112,18,53,15,9,10,94,14,15,23,62,23,32,14,9,30,189,19,61,20,27,4,15,13,36,14,25,20,92
55,1,69,42,23,13,14,0,30,27,25,20,0,60,90,405,153,114,101,106,18,101,49,39,53,5,16,63,4,3,37,64,76,59,26,0,59,33,3,14,78
56,20,40,48,7,30,59,24,23,25,58,4,103,41,40,11,52,163,32,2,28,84,26,49,42,11,69,41,0,3,28,48,32,9,27,32,27,26,18,23,0
30,5,67,28,99,23,25,68,78,59,230,17,10,7,37,84,22,27,38,42,19,70,141,30,24,6,49,2,49,19,53,60,29,32,25,4,7,5,31,80,155
34,9,6,226,157,19,33,55,24,62,67,9,158,61,75,622,25,17,32,4,17,103,132,19,36,73,5,27,7,8,38,35,60,199,19,99,65,14,27,4,38
54,22,34,195,125,10,0,68,19,76,88,4,124,38,19,5,12,127,106,101,23,22,58,42,22,4,2,94,16,41,50,9,45,32,21,25,0,9,32,81,43
36,0,16,143,56,22,15,6,66,53,223,5,28,191,24,68,11,69,93,20,15,62,9,45,26,19,40,7,18,164,22,53,51,67,31,86,66,24,32,21,13
14,7,59,10,181,6,8,85,42,25,0,61,153,66,19,54,20,309,99,66,24,63,106,104,38,8,11,12,29,21,19,48,35,13,18,12,118,14,33,1,35
54,22,77,118,52,12,10,150,37,31,79,15,65,112,21,21,78,69,92,193,32,77,147,61,33,16,4,19,20,0,23,42,21,107,15,7,113,13,31,8,18
103,9,26,4,106,19,11,114,70,30,162,50,69,80,315,399,112,12,25,35,7,56,64,48,20,21,121,65,39,0,32,52,66,70,29,36,272,13,9,22,31
52,20,129,286,319,3,46,100,60,52,15,15,106,45,21,368,16,200,80,82,25,63,169,69,32,50,0,64,18,262,64,14,30,63,23,14,74,9,23,20,55
26,21,151,70,0,21,15,1,12,48,15,5,173,94,33,259,82,67,39,200,43,60,57,30,25,15,83,31,100,10,21,24,30,50,19,14,202,69,30,0,9
47,16,24,367,4,7,28,1,50,44,30,89,77,29,44,316,70,136,94,72,71,52,124,14,29,8,8,25,28,10,1,2,60,43,17,7,47,3,32,4,76
53,17,73,67,103,26,5,7,25,76,28,34,175,27,34,38,5,17,101,101,23,42,53,78,24,59,0,18,22,19,23,36,30,16,26,11,25,32,35,28,138
53,39,124,26,0,13,12,30,36,66,100,64,127,57,349,228,47,22,58,93,26,65,137,21,45,95,56,47,13,188,26,24,19,20,20,42,12,14,29,90,4
52,84,41,11,36,19,10,26,5,18,42,19,30,38,32,122,69,291,97,416,5,45,57,56,63,53,9,2,19,20,33,11,24,37,7,3,187,0,33,17,38
42,16,52,156,79,8,13,1,2,68,83,17,64,100,26,114,35,39,33,13,23,58,97,13,37,49,44,7,9,50,28,11,38,0,30,15,86,28,31,56,138
58,18,140,74,1,23,22,256,43,15,66,15,55,127,0,0,180,583,30,47,62,18,205,13,31,5,19,32,20,101,22,12,45,122,1,6,237,19,49,12,112
51,28,59,15,7,20,0,61,24,26,29,92,77,6,24,127,17,424,27,241,20,34,194,11,28,89,19,27,4,239,31,16,21,24,23,4,200,40,16,13,46
47,17,59,78,35,12,14,61,1,69,126,88,243,10,20,61,31,49,99,81,56,33,56,129,35,28,48,53,200,12,29,98,46,197,20,23,88,1,62,0,35
25,21,44,165,148,20,57,61,4,66,30,18,6,34,44,293,3,14,33,210,4,81,106,26,24,13,65,61,13,50,9,21,42,64,15,65,62,13,20,10,103
59,21,35,9,19,18,0,113,30,48,80,28,24,19,21,17,49,4,66,40,24,12,60,23,28,49,133,31,98,10,34,30,26,19,26,55,117,23,64,102,135
2,18,69,7,93,20,9,5,52,51,48,32,74,58,6,221,26,15,35,15,24,85,17,24,38,16,0,43,0,123,35,15,6,48,23,2,17,29,31,6,46
26,23,70,133,35,21,78,60,53,46,87,4,43,152,32,193,84,14,19,53,20,53,43,26,59,65,37,6,3,21,30,3,59,12,24,9,10,12,58,22,55
86,29,31,62,85,16,11,17,81,13,76,24,148,2,11,4,114,93,39,379,32,62,24,24,40,25,0,41,120,17,32,19,23,17,25,4,36,36,14,21,28
33,70,10,330,37,22,9,172,23,146,55,19,30,49,31,23,204,167,14,95,16,30,179,11,23,93,14,53,17,11,21,22,78,39,6,11,85,20,30,15,103
38,24,47,45,0,4,114,72,25,131,94,6,0,140,44,51,49,120,29,60,41,18,64,26,24,126,4,31,26,155,21,69,3,13,1,18,17,39,56,16,66
15,6,121,137,25,15,55,98,9,48,65,24,142,185,6,23,209,21,28,16,35,21,42,7,30,49,13,23,117,97,45,67,19,50,33,6,26,14,101,80,37
61,8,57,58,126,14,0,28,45,27,103,29,218,56,65,66,27,84,95,91,58,32,24,112,27,105,0,16,154,16,46,18,36,0,7,17,2,116,32,13,27
41,20,60,89,107,20,8,50,8,51,19,31,133,24,119,38,25,9,109,117,15,65,145,9,7,267,7,51,49,8,28,21,40,231,29,30,0,34,62,9,26
59,20,72,120,57,17,58,0,18,27,91,35,49,28,0,70,45,1,30,22,18,43,31,15,42,101,44,15,36,20,55,34,39,9,23,42,89,28,23,80,16
29,3,45,151,104,7,10,12,14,61,19,29,118,30,23,28,0,7,34,30,50,48,61,19,17,11,44,76,60,21,34,29,17,12,24,4,13,6,34,5,26
4,19,178,246,5,18,94,52,62,45,18,106,155,245,108,88,27,48,32,40,1,57,84,78,33,126,24,45,68,23,23,33,23,60,35,19,35,24,25,30,150
52,17,70,218,5,16,3,103,61,148,145,56,61,16,15,30,14,190,29,29,8,33,35,26,49,47,105,22,57,17,30,23,56,46,23,102,11,1,97,17,31
39,0,55,272,29,23,15,18,59,66,107,0,0,366,78,22,36,333,45,5,15,86,118,169,49,92,10,25,28,209,36,49,27,42,15,12,21,22,38,5,66
40,18,13,38,54,12,24,30,20,47,128,51,97,15,44,149,39,5,107,17,35,101,61,53,30,2,30,49,214,272,27,4,101,85,23,16,0,31,42,22,22
67,15,15,166,94,5,10,118,47,12,21,33,129,124,111,1,48,42,101,48,16,49,168,62,45,5,15,48,33,4,35,47,24,94,21,15,90,14,19,16,99
67,8,65,216,6,12,6,58,24,28,107,57,72,6,18,79,125,56,32,67,31,22,60,18,25,63,67,30,37,2,23,52,38,67,39,99,247,25,20,22,124
48,22,51,84,60,14,18,56,37,61,186,8,118,17,33,13,102,41,94,34,9,97,63,183,31,8,43,21,5,150,62,36,23,104,21,7,76,23,103,17,28
22,16,60,150,43,19,6,37,19,113,228,62,20,42,21,77,6,132,91,51,57,39,47,25,21,117,2,59,26,4,41,30,30,80,28,19,32,15,32,17,42
153,19,46,253,5,14,6,29,43,22,166,36,53,79,48,373,13,106,91,63,37,54,160,12,45,85,11,51,96,9,66,123,25,59,51,20,98,25,27,18,123
119,21,47,176,228,8,108,16,44,105,183,9,201,93,39,123,108,68,86,125,25,40,68,86,26,91,11,78,6,5,28,36,32,78,20,19,13,27,34,8,35
30,11,3,309,23,6,27,62,33,32,41,33,131,123,77,451,78,121,83,61,9,43,37,2,68,0,31,21,56,26,32,51,29,21,2,12,60,21,24,15,65
69,23,67,63,0,3,5,96,19,116,64,41,26,13,60,5,3,6,90,517,29,58,141,78,79,19,5,15,29,24,19,14,22,16,18,3,260,6,29,23,37
35,26,194,123,126,14,2,96,51,107,106,31,90,72,29,450,109,129,30,0,30,54,176,46,38,6,9,55,101,53,28,52,40,130,6,58,173,27,32,21,28
24,24,70,263,144,6,10,1,51,91,73,3,125,5,91,87,0,9,20,11,28,70,144,8,63,59,8,60,62,22,23,21,30,6,22,7,107,33,30,17,0
66,0,43,250,37,17,10,83,3,15,80,28,68,5,25,79,96,5,58,86,15,73,7,32,29,57,124,51,228,15,38,41,28,120,30,8,192,21,32,3,54
34,14,104,5,47,18,32,160,22,19,77,14,91,1,23,30,9,51,92,118,52,29,72,40,46,8,6,26,40,47,19,54,28,53,23,83,40,33,26,17,108
30,7,62,110,17,15,2,58,42,50,65,1,249,22,27,25,53,39,28,375,60,100,179,55,30,10,15,30,9,161,54,31,83,285,18,1,200,23,26,91,34
105,6,37,71,72,9,10,21,26,60,220,48,182,69,4,18,299,17,28,20,37,41,58,14,21,0,20,65,89,5,26,53,50,16,26,175,222,23,39,5,23
38,20,14,66,105,8,3,21,41,59,138,54,125,70,108,66,65,53,62,44,52,29,68,86,32,230,2,21,83,70,30,41,19,260,21,24,21,43,18,26,55
29,9,12,39,75,12,12,83,37,59,145,30,158,22,19,50,60,75,89,134,19,30,185,10,84,98,31,65,15,50,34,26,23,62,26,31,12,3,29,18,150
31,16,55,248,10,16,10,99,27,151,53,41,25,101,25,22,51,56,90,61,3,70,47,19,22,23,13,29,0,2,40,31,21,60,23,5,68,32,60,17,61
34,36,117,87,12,23,5,322,33,29,137,11,130,29,56,17,9,20,30,15,28,56,84,23,81,91,10,38,27,369,34,14,9,139,21,6,11,9,63,4,32
127,19,61,147,12,19,92,5,48,30,145,4,183,21,65,58,7,103,39,44,18,7,63,28,32,55,173,53,1,58,57,43,29,25,26,16,230,68,30,84,21
3,12,63,136,31,19,8,56,27,50,67,5,0,92,169,40,5,188,105,29,36,50,143,32,36,3,0,33,33,56,63,30,35,47,30,49,156,8,19,20,36
53,28,50,93,157,6,20,15,17,94,147,41,114,69,19,167,33,55,92,80,19,40,60,20,13,26,13,26,65,65,46,19,53,79,26,7,1,23,27,26,54
68,21,42,125,33,28,5,34,51,27,61,24,94,51,27,14,28,234,32,102,14,23,132,19,42,68,61,65,0,70,7,19,34,74,57,9,51,0,39,88,122
57,11,10,140,30,21,46,24,32,67,90,23,1,308,17,5,99,0,103,13,36,78,135,92,19,381,7,58,107,8,63,32,24,44,22,5,74,0,30,20,8
75,19,52,269,94,16,0,3,87,96,56,74,125,306,97,37,6,143,37,207,31,18,119,2,36,9,5,2,40,71,43,26,41,25,25,8,6,24,32,22,23
33,16,1,115,21,28,3,55,67,35,30,20,18,30,37,19,2,76,23,0,23,31,69,35,20,44,54,55,15,69,23,34,36,86,83,21,132,40,60,22,30
43,12,5,87,105,18,10,76,18,25,7,35,1,55,12,40,92,123,22,224,23,36,33,76,51,42,36,53,80,314,31,75,28,259,29,31,90,13,30,80,10
61,25,6,35,107,22,8,88,31,34,52,30,147,90,40,20,14,31,96,195,37,29,32,30,39,147,13,55,5,57,25,23,4,47,26,3,108,29,39,21,18
52,27,23,84,23,22,2,55,1,57,71,24,152,4,71,31,20,160,102,10,37,72,115,56,60,58,61,26,98,19,45,26,20,59,28,10,17,17,35,20,34
70,84,40,7,272,18,22,22,25,61,77,28,10,5,17,139,191,173,59,19,35,20,120,90,48,0,30,43,122,11,62,30,33,119,13,39,55,8,3,47,121
45,19,55,159,89,20,56,4,2,36,81,33,2,70,73,407,105,52,91,46,14,24,24,82,61,33,4,65,0,107,13,47,40,92,27,18,5,0,38,24,69
29,23,129,47,0,14,0,21,38,82,129,17,113,22,100,247,96,11,32,15,35,29,31,115,23,62,64,52,25,160,30,64,30,134,23,7,77,9,23,88,25
70,0,49,311,92,21,99,3,58,66,126,6,173,90,23,348,11,0,34,223,61,87,95,17,17,94,147,46,186,19,9,11,15,57,17,7,85,21,22,95,65
23,21,8,259,108,15,19,50,13,29,85,5,155,20,21,230,325,46,91,1,48,32,95,8,23,74,14,24,8,79,31,27,122,76,25,23,91,56,23,6,100
49,19,58,41,10,7,9,62,23,44,153,48,189,52,20,107,26,121,77,1,28,29,75,12,30,6,31,24,4,33,30,43,28,80,26,5,185,13,37,70,68
40,24,55,329,62,15,8,91,46,106,79,64,163,6,65,2,46,132,96,0,25,44,57,20,55,45,0,45,6,19,21,55,54,101,26,8,0,5,38,11,101
70,17,61,109,16,4,33,58,32,19,96,28,155,32,19,154,314,114,23,25,39,57,61,98,62,66,30,13,134,410,40,38,122,5,4,8,339,11,66,18,97
119,13,16,50,66,14,32,86,30,117,118,52,121,19,99,210,77,96,103,109,19,55,67,5,31,3,11,28,3,84,31,28,45,7,19,161,115,37,32,23,69
35,0,23,141,21,5,4,23,26,64,80,35,61,73,136,103,57,270,23,33,12,44,58,24,42,111,2,13,25,141,29,24,15,10,2,33,192,0,58,23,47
34,14,65,204,63,9,10,1,47,89,97,34,213,56,35,62,61,179,88,11,17,14,26,23,32,13,0,26,13,1,25,3,40,124,19,6,229,0,27,46,149
92,19,37,16,95,25,9,119,44,99,124,24,81,3,55,143,106,37,31,69,50,18,27,17,26,127,55,26,56,4,28,49,31,120,10,11,255,33,33,4,19
47,28,100,247,8,34,27,37,57,40,91,6,101,38,96,114,41,37,98,131,5,78,148,23,29,6,0,7,134,230,24,40,57,6,30,17,78,28,22,1,19
43,11,32,124,17,9,9,2,12,146,40,34,138,151,103,117,139,37,41,21,22,55,51,107,24,19,36,26,26,43,35,21,16,7,30,10,13,19,3,22,40
29,4,60,137,27,22,13,19,21,58,89,2,137,21,19,14,10,150,98,10,66,34,20,11,71,23,51,22,11,46,28,55,48,74,29,12,87,20,17,23,16
25,60,35,52,19,13,10,68,20,62,60,51,151,24,12,6,224,205,11,186,53,31,35,32,31,70,0,57,13,322,23,61,54,19,24,6,5,66,31,4,11
33,21,43,113,19,12,11,23,34,32,95,1,163,83,53,36,52,4,107,212,57,53,59,57,22,23,33,6,23,6,26,45,27,0,21,8,0,35,34,8,129
92,16,153,59,63,14,34,50,33,43,80,2,15,469,14,89,56,58,32,72,16,59,42,38,35,17,9,25,98,7,58,33,81,114,14,13,14,12,99,15,37
56,0,8,73,49,9,95,68,24,66,9,34,44,22,38,22,30,39,96,123,22,72,141,68,18,71,37,19,1,23,49,54,31,78,30,12,95,17,27,27,59
76,85,62,139,51,12,9,114,92,57,82,11,184,26,14,9,13,7,83,40,32,25,32,116,40,78,14,50,24,7,37,35,30,10,24,104,226,30,32,47,132
39,17,51,96,3,13,98,91,37,133,93,49,0,7,57,28,50,10,24,46,30,106,6,140,31,5,0,20,18,0,34,41,21,176,19,19,4,34,20,8,117
3,3,39,47,19,12,34,72,35,72,120,61,84,21,56,3,39,50,94,78,54,56,102,58,19,78,0,30,46,5,20,38,19,229,29,3,40,28,65,16,152
25,18,60,39,74,22,18,63,22,34,80,60,100,14,63,77,80,9,92,17,8,31,82,23,49,6,139,74,44,7,35,5,22,148,22,20,127,25,56,22,111
62,7,131,289,94,19,7,52,36,57,78,8,42,37,17,38,33,88,29,1,21,50,94,14,23,41,3,58,84,26,8,33,61,47,4,1,47,16,21,1,57
100,8,358,139,8,9,8,106,20,98,108,24,1,7,6,87,177,104,100,22,6,58,82,24,17,4,202,9,79,49,19,24,34,84,31,5,3,17,61,6,55
29,23,35,314,6,12,1,80,17,41,106,22,24,86,15,29,4,33,91,58,40,79,13,17,47,1,20,41,10,5,71,36,32,75,7,17,23,14,7,14,419
106,22,127,7,76,13,54,101,21,64,65,63,91,7,32,82,117,460,27,84,28,30,86,16,36,64,18,22,40,17,21,34,26,21,21,2,76,3,20,19,31
33,21,137,114,60,16,19,27,1,73,28,22,29,80,15,92,48,75,30,56,32,32,144,7,52,64,22,62,15,59,36,52,30,17,19,47,18,37,30,40,31
4,8,48,339,105,14,8,92,19,42,135,21,134,49,20,14,11,35,31,39,30,45,56,90,10,48,0,19,7,3,25,9,70,175,36,16,160,40,42,28,62
31,4,12,20,115,33,3,79,32,22,75,28,177,16,34,26,43,65,31,5,20,21,64,27,17,16,12,34,39,19,24,62,26,44,17,0,32,0,39,15,110
39,19,135,102,62,19,45,74,29,66,133,69,162,43,54,68,5,38,87,150,29,36,103,67,46,23,19,62,70,368,17,8,63,35,20,21,299,28,28,18,166
56,82,14,214,11,20,26,24,10,12,86,38,144,49,37,119,28,414,19,52,34,75,18,15,19,57,164,59,50,4,40,18,23,23,21,11,22,21,66,87,44
59,17,36,32,130,9,4,65,20,92,57,1,40,37,55,21,40,271,32,29,21,58,117,25,51,2,7,50,9,45,19,58,28,151,29,23,81,29,20,15,18
103,27,44,215,83,22,22,73,22,32,145,18,27,116,29,168,5,633,87,171,25,39,62,38,23,168,15,57,143,75,30,33,25,81,15,18,63,11,20,21,39
43,21,84,242,30,43,44,4,22,87,125,44,152,18,17,54,13,145,93,8,19,44,61,14,18,239,118,26,88,110,43,38,23,243,32,13,74,12,39,18,49
101,17,132,88,96,31,36,59,29,91,65,43,21,97,13,52,35,12,91,19,12,102,29,20,19,23,27,42,51,129,58,35,64,75,31,5,146,24,23,17,103
46,78,60,137,23,15,74,50,34,39,189,43,113,76,20,103,22,126,25,170,48,26,97,147,20,66,9,42,6,248,32,18,26,10,27,109,89,22,18,11,15
108,18,71,138,54,14,44,34,26,24,136,37,109,55,70,289,64,88,27,190,44,60,64,60,38,23,29,62,23,1,9,70,34,57,21,20,164,1,71,104,25
50,0,63,276,15,16,20,46,24,81,18,49,174,68,56,52,28,104,94,24,11,31,33,21,33,5,0,43,10,5,34,44,8,17,19,18,120,18,63,22,47
19,8,4,17,99,16,15,18,13,66,208,50,186,32,62,155,79,91,97,17,18,78,20,16,24,97,43,31,56,43,56,4,51,5,23,79,98,20,33,2,60
65,26,57,51,53,4,0,116,58,57,134,90,134,57,79,72,15,28,88,95,8,52,22,43,26,87,3,19,36,20,51,44,31,55,26,62,49,28,65,20,32
28,7,27,26,14,16,0,50,53,48,108,30,20,13,8,49,43,65,26,15,18,33,170,22,32,193,206,56,89,3,43,45,56,41,13,9,245,22,60,72,35
54,5,62,264,17,20,16,59,23,43,58,22,182,198,85,20,46,18,32,25,50,30,109,67,20,8,16,19,215,37,38,10,118,12,27,31,193,65,22,5,125
6,0,171,330,60,6,15,132,37,16,29,24,11,23,21,86,15,288,56,224,44,23,143,105,20,7,10,37,65,9,30,22,91,89,23,6,55,23,25,31,46
77,18,48,156,99,14,153,4,33,59,135,21,112,24,32,214,12,10,32,48,28,53,12,50,27,121,20,39,73,30,12,23,69,123,21,5,227,19,31,14,0
4,15,97,321,87,33,12,68,65,29,193,0,56,13,94,14,98,34,94,54,21,56,110,20,39,46,16,39,62,8,32,30,34,128,18,9,8,28,64,19,60
19,15,52,155,8,14,7,62,63,48,82,31,183,11,6,74,287,164,40,60,25,59,57,19,27,72,76,68,45,1,57,58,18,20,29,16,23,47,28,23,2
55,21,56,222,120,15,6,33,72,57,104,43,24,5,85,61,105,13,91,324,18,54,156,8,31,11,41,44,1,4,29,49,19,49,26,12,129,4,37,7,38
27,21,13,56,120,11,10,38,7,154,77,42,0,52,18,78,29,470,65,64,15,39,83,50,25,0,53,34,38,8,42,53,15,0,9,23,0,119,71,11,175
21,22,139,146,80,21,118,10,3,104,108,6,174,55,63,83,38,38,90,110,27,74,65,37,64,104,0,24,17,21,40,20,65,98,15,10,2,20,75,14,151
51,23,67,10,134,10,64,145,37,12,79,53,78,95,7,52,27,14,123,86,27,90,93,17,46,65,13,22,67,90,52,95,22,40,20,27,50,19,31,21,7
38,21,80,186,173,10,6,51,13,21,10,21,88,34,33,7,6,126,90,30,26,31,68,24,24,37,0,28,1,279,26,5,64,140,20,57,60,23,10,7,33
54,52,32,45,83,12,6,74,13,75,27,25,107,16,74,25,80,91,94,47,45,25,74,11,42,14,67,33,130,4,34,55,49,11,20,52,62,7,40,26,142
87,20,37,203,22,7,69,50,63,107,48,46,127,23,16,68,15,24,93,8,37,55,40,40,14,13,0,25,59,398,36,30,23,0,14,11,87,13,32,77,112
30,14,38,67,24,5,46,81,66,73,34,40,196,2,45,21,46,164,39,18,23,47,66,53,55,16,15,27,112,36,29,33,25,140,56,33,154,12,6,19,9
1,15,121,57,52,12,6,114,25,24,173,43,153,440,17,66,204,405,33,12,10,26,25,36,57,175,10,28,69,14,24,21,5,53,14,0,79,7,29,16,144
65,1,124,10,128,20,9,49,47,58,16,20,213,153,57,97,153,29,92,83,42,60,97,76,61,168,18,20,82,7,31,41,30,108,25,0,30,37,121,88,37
17,31,15,144,2,14,5,92,28,42,57,22,209,33,69,37,9,162,105,3,59,36,6,18,35,5,4,34,44,3,60,34,57,13,20,9,48,27,38,0,29
25,42,70,39,18,13,32,90,47,99,89,18,144,35,47,99,59,9,103,223,38,65,37,25,23,14,20,35,100,58,21,37,78,106,25,6,149,32,38,98,11
37,18,59,27,5,21,27,52,3,45,22,75,48,95,97,57,68,78,101,330,61,55,39,39,48,133,18,21,7,98,53,24,47,49,16,4,157,24,34,20,132
70,22,49,240,43,15,86,2,83,21,81,44,47,1,16,40,35,11,63,334,32,45,87,61,51,5,15,52,69,14,13,16,47,83,24,88,85,28,10,20,38
51,20,47,122,23,7,7,149,25,24,43,14,132,27,36,116,93,84,103,12,7,43,129,25,24,0,31,42,78,9,23,37,35,109,32,3,117,45,31,5,150
30,15,41,123,68,14,16,66,63,64,107,4,64,80,0,233,0,35,32,30,30,45,58,0,86,50,52,71,18,3,35,40,34,77,19,58,0,5,31,81,109
2,19,20,110,132,12,13,23,26,73,10,21,174,84,57,6,147,122,100,9,47,31,49,6,51,4,186,32,16,4,56,23,32,0,25,12,10,9,32,22,116
4,0,230,33,15,18,84,20,61,67,123,109,110,72,53,16,63,55,99,74,38,11,52,15,107,64,76,59,9,24,27,24,19,68,23,10,46,26,30,20,23
41,17,27,207,5,23,47,80,57,45,68,3,135,88,47,145,8,226,34,58,8,98,144,54,16,6,25,30,0,7,33,34,29,65,27,18,0,31,33,37,60
30,0,44,29,45,21,46,87,30,60,63,24,188,8,16,33,32,17,37,7,48,52,94,48,41,14,10,26,97,8,33,23,62,0,21,6,11,2,26,4,106
28,26,128,72,118,17,14,31,6,74,37,23,130,49,18,15,93,93,102,15,9,55,113,20,29,97,65,65,13,10,22,84,29,29,22,32,21,58,9,20,4
97,6,31,29,102,23,1,39,24,74,60,96,38,59,43,115,1,1,29,18,49,32,168,62,24,0,0,56,132,8,26,9,25,46,13,8,24,21,28,17,28
24,20,197,2,33,13,99,18,75,40,37,24,111,75,19,98,94,192,32,40,31,22,185,61,12,30,15,31,298,41,29,77,1,113,28,13,274,46,12,9,45
57,15,72,12,28,8,41,8,28,26,86,43,2,44,29,267,118,91,98,0,26,46,47,12,49,24,3,44,3,146,33,28,29,229,26,8,151,4,56,80,6
31,3,17,47,20,6,41,18,37,59,123,3,80,43,55,68,27,303,140,74,3,26,96,29,32,5,10,14,182,16,25,26,61,81,16,15,0,16,21,17,108
49,20,28,38,82,4,14,362,36,17,63,36,29,42,36,44,15,306,34,12,30,38,114,61,22,3,24,4,30,2,19,27,56,23,21,160,44,17,35,24,58
43,15,58,15,99,17,6,24,42,72,154,13,80,249,54,33,45,153,102,83,9,67,171,7,44,0,3,34,22,52,35,28,23,54,24,14,96,14,29,17,54
25,84,40,318,43,23,31,151,3,57,132,55,123,357,34,100,22,127,36,195,20,73,165,35,62,59,4,48,199,40,30,20,23,53,29,25,70,39,19,4,57
25,0,84,77,12,6,71,79,32,61,164,0,33,167,74,43,47,8,108,28,26,32,30,34,20,122,293,50,78,53,30,21,21,53,17,6,185,27,64,18,101
27,0,30,115,72,9,13,113,35,27,169,50,132,11,61,107,95,112,99,17,30,102,56,17,20,4,8,38,150,37,30,18,25,65,25,8,25,10,8,19,21
56,39,27,10,91,27,0,57,0,59,120,29,7,215,0,179,65,22,96,31,69,12,39,14,7,8,35,63,11,19,29,40,29,26,32,5,0,64,30,20,28
43,27,30,86,107,14,12,4,52,46,141,5,147,26,57,24,2,98,101,137,26,57,91,58,28,11,56,17,39,8,27,36,40,81,22,18,85,24,30,19,23
60,17,7,258,126,13,3,32,23,63,66,42,42,111,42,15,102,51,86,60,27,59,102,52,79,4,14,44,52,20,66,40,56,313,38,56,47,28,15,19,84
45,27,9,77,19,17,18,24,28,26,0,16,5,36,66,2,57,217,24,73,17,36,31,14,26,56,61,31,86,49,85,10,25,69,12,2,24,22,62,0,42
40,20,34,117,131,9,0,41,3,75,77,38,165,25,10,79,6,9,87,7,25,44,53,124,90,7,17,37,61,7,28,21,14,105,57,15,11,38,32,5,19
16,23,26,25,41,17,0,34,28,65,138,29,65,179,11,24,181,195,104,482,18,66,7,37,83,0,66,22,21,28,31,27,30,37,35,16,76,32,32,87,63
39,18,137,44,88,21,14,62,30,18,30,72,183,27,30,1,183,87,92,102,14,32,112,28,25,49,45,59,3,16,23,36,20,119,18,6,130,8,32,21,74
50,51,35,61,56,15,12,3,42,79,96,9,86,80,13,42,45,41,93,186,17,35,62,23,28,8,4,7,9,5,48,57,31,158,27,14,132,28,30,21,59
24,14,49,253,50,15,9,345,6,55,129,17,164,16,118,21,46,69,24,53,5,115,24,16,14,46,61,82,101,13,28,31,56,65,31,7,52,32,123,77,181
33,18,58,90,1,16,17,60,77,50,60,43,0,38,56,23,176,129,93,88,44,17,67,27,26,7,4,37,0,17,29,57,10,55,32,7,87,6,8,15,35
29,7,42,36,10,13,6,26,50,122,115,36,50,68,24,240,81,91,105,164,38,80,97,14,61,23,110,33,9,20,52,16,24,22,23,21,33,19,22,16,33
65,8,77,75,50,21,36,7,26,39,84,31,105,231,86,8,34,127,25,20,25,20,144,20,30,91,8,23,7,41,20,31,71,28,6,37,5,7,31,21,32
33,28,51,190,8,15,16,24,41,50,167,15,71,12,30,4,117,29,91,95,26,90,51,49,62,1,16,89,12,20,70,29,76,73,23,4,321,28,14,18,2
39,17,58,16,19,23,27,63,23,60,80,45,177,44,41,14,4,19,95,55,53,31,123,25,37,170,39,56,2,161,30,40,35,61,30,56,65,12,30,18,71
30,21,8,170,66,7,0,147,29,44,179,22,210,12,19,3,74,14,25,68,25,33,161,9,51,19,88,45,152,5,26,68,26,104,21,9,58,33,25,19,33
37,24,186,161,169,17,10,107,74,111,14,59,138,39,45,24,40,86,97,67,14,37,110,86,31,10,0,55,9,313,57,68,32,58,32,23,126,25,30,20,114
79,3,24,170,1,12,6,102,21,98,78,18,3,17,18,17,76,17,29,26,26,24,115,24,28,111,17,57,16,3,19,25,29,46,23,31,27,98,64,4,37
43,21,66,79,36,13,58,8,64,15,112,62,78,135,95,60,84,12,95,84,48,56,46,37,31,13,81,25,64,59,49,28,25,37,8,14,223,21,27,22,23
2,19,166,75,91,16,5,52,26,65,69,26,16,54,32,177,242,51,68,28,19,58,110,36,35,0,13,86,21,11,30,21,33,33,31,15,116,9,30,12,115
58,10,181,73,73,20,7,17,33,96,151,26,139,58,44,106,328,36,97,35,24,46,65,39,23,11,16,48,10,103,18,28,69,144,28,3,18,33,73,7,42
35,26,16,11,127,8,16,17,24,61,85,1,110,66,61,50,31,220,93,70,22,49,430,92,55,49,5,17,11,2,49,36,35,221,20,59,92,27,117,2,8
97,8,20,183,6,6,18,63,73,115,54,39,167,15,17,86,30,220,91,56,2,34,159,45,42,62,19,44,1,68,27,25,36,98,24,3,99,10,26,16,39
38,35,84,173,19,20,25,276,28,47,122,46,144,75,104,90,13,7,94,15,59,85,109,36,24,5,31,26,293,40,57,18,20,45,24,7,233,7,1,18,188
39,7,57,159,34,22,11,3,58,28,113,23,45,342,145,453,274,113,46,159,34,31,130,52,28,9,59,26,20,40,33,3,17,127,19,14,20,25,29,6,95
27,14,28,78,99,20,6,76,24,98,73,0,4,37,41,39,0,84,87,27,22,61,65,36,20,53,34,28,97,25,24,10,33,17,9,0,11,25,29,22,0
54,31,38,97,20,15,6,23,71,73,231,22,102,23,25,79,12,117,33,23,7,60,74,135,27,22,65,55,22,23,45,66,32,22,19,13,28,26,23,1,168
4,21,27,40,59,25,45,112,25,55,96,31,139,66,20,414,20,242,32,21,25,35,30,78,40,19,7,48,60,39,36,48,58,128,20,11,1,8,31,20,98
108,17,114,19,79,9,6,73,23,27,67,49,31,320,7,5,28,55,94,18,44,55,58,17,16,7,14,4,71,139,24,18,25,51,17,15,135,23,34,13,57
3,16,309,105,126,6,12,8,34,59,13,26,171,22,45,128,209,17,96,61,18,36,104,26,35,168,79,63,117,52,31,45,42,61,32,4,25,21,21,0,42
31,10,78,160,106,17,5,64,3,42,117,0,25,13,43,3,26,263,100,62,23,56,96,177,48,16,0,23,46,10,45,25,30,92,19,23,95,14,55,25,70
31,23,211,151,40,14,10,71,74,52,46,35,64,98,37,107,167,218,90,17,35,12,38,16,19,10,49,36,62,15,63,3,28,107,19,49,278,6,31,12,30
53,20,48,219,7,20,64,27,48,35,264,27,84,145,36,104,177,91,92,3,41,23,112,32,20,29,35,52,54,6,27,16,77,31,22,23,49,35,59,6,107
53,64,70,225,113,22,15,30,47,54,27,130,43,21,67,25,12,43,29,26,26,60,307,13,59,37,53,26,33,62,24,6,36,217,23,48,45,47,36,22,98
77,15,53,161,9,7,4,51,1,105,55,12,131,48,37,40,69,26,95,20,49,45,109,3,48,3,7,24,9,55,44,20,21,45,26,54,43,28,30,22,5
23,39,40,48,23,20,20,59,36,42,87,15,143,30,37,317,22,44,98,32,44,61,407,68,50,54,9,35,13,57,46,10,12,10,20,12,52,7,51,19,14
50,39,47,40,80,23,25,129,21,81,154,30,55,112,14,30,43,776,91,92,16,54,41,2,32,369,50,7,120,12,35,35,48,126,30,16,12,5,74,14,106
67,17,69,121,18,14,4,14,2,45,68,20,120,51,25,141,16,205,23,6,24,56,39,9,41,16,0,43,9,366,68,34,42,94,6,8,85,33,28,113,64
70,31,35,108,38,11,4,22,17,28,61,39,88,91,109,133,14,255,32,18,25,30,82,65,40,11,42,57,39,17,39,60,24,65,27,8,192,15,29,84,108
56,107,15,306,185,22,12,88,52,59,83,29,75,96,56,389,15,0,49,3,47,25,50,4,28,83,8,36,5,28,49,12,27,47,25,13,267,8,45,17,100
31,19,195,70,20,16,11,67,29,122,139,48,30,20,10,4,27,63,65,14,14,31,96,46,58,139,9,62,71,68,25,22,29,99,28,7,81,68,27,4,64
37,18,116,43,81,18,41,19,41,103,48,52,172,46,49,26,45,161,43,12,15,69,166,56,52,8,32,26,53,62,51,47,57,66,14,35,224,43,11,26,17
77,22,22,17,0,23,13,1,30,31,170,19,173,40,54,88,21,1,91,14,22,52,26,43,29,81,0,69,33,4,20,56,24,130,33,9,90,22,19,6,29
71,20,59,80,17,24,22,53,39,57,175,25,149,4,10,28,27,9,91,289,28,48,77,8,68,48,60,17,37,19,33,67,23,50,27,61,93,17,25,7,19
55,20,17,39,4,12,83,148,38,87,144,69,101,57,196,157,108,11,33,306,24,24,12,72,37,70,101,24,22,24,31,24,54,117,20,6,129,30,68,14,64
82,7,18,11,65,16,17,18,97,93,106,3,1,69,19,85,57,12,64,289,7,44,127,18,32,231,44,52,10,11,29,17,28,58,20,243,140,7,49,135,0
1,55,104,83,49,16,22,56,36,98,80,57,0,34,16,18,190,12,92,35,7,8,30,109,33,0,12,20,184,26,15,46,12,10,5,5,75,6,30,4,38
44,17,13,75,18,11,30,15,20,50,53,19,160,20,68,45,49,3,105,65,5,30,89,16,58,10,57,57,102,80,34,70,13,25,30,28,58,12,32,16,0
68,14,30,181,16,35,30,18,2,73,139,15,247,123,64,12,52,5,1,225,36,32,130,18,11,15,6,49,40,28,26,3,23,100,6,18,11,25,33,93,1
22,16,54,30,73,15,7,5,42,86,158,21,32,64,34,131,23,39,23,63,1,62,42,88,46,50,5,67,18,4,19,4,33,109,23,1,171,32,31,15,143
80,41,39,129,18,6,29,77,21,16,68,24,226,25,37,40,11,77,36,374,19,89,141,9,41,5,23,63,21,7,36,41,32,74,17,14,28,14,60,20,127
25,0,80,68,39,19,32,3,54,33,71,42,111,48,36,136,309,102,31,49,32,65,107,6,33,55,77,51,8,46,63,25,27,71,29,6,30,26,15,7,8
45,21,152,284,19,21,0,143,34,81,62,85,243,119,30,18,135,13,97,13,16,24,91,6,27,66,14,61,142,8,44,53,39,9,19,0,19,7,29,20,38
44,17,87,83,218,50,110,71,28,51,108,0,71,223,65,77,124,20,62,115,44,20,80,14,26,64,4,57,6,44,40,3,5,6,25,3,26,25,66,7,111
70,4,166,28,55,12,36,115,26,41,61,32,49,23,54,54,24,10,100,9,37,28,99,22,51,7,53,26,3,296,32,14,14,6,24,0,41,28,19,22,30
33,63,15,103,3,25,10,76,41,29,133,20,2,48,36,7,253,25,94,75,29,25,160,8,28,261,24,56,89,20,20,98,25,26,27,109,21,13,9,25,170
2,36,5,75,253,22,0,98,12,51,65,2,33,83,41,101,84,276,95,5,14,38,22,11,102,6,1,61,75,75,28,44,34,19,10,10,15,7,74,0,48
18,21,87,13,52,28,16,74,22,89,116,37,143,19,98,19,11,138,6,28,26,51,70,127,18,42,16,22,73,16,41,69,1,5,37,89,87,4,18,22,64
70,25,59,52,6,17,6,107,44,13,81,11,73,6,26,57,112,1,27,118,31,81,66,28,30,45,65,19,16,329,55,29,32,202,18,11,7,15,29,19,0
38,23,116,231,118,5,7,112,47,47,57,29,0,58,11,23,108,59,95,257,27,53,89,186,14,11,2,77,140,5,88,9,14,75,11,35,0,10,28,19,72
70,11,45,86,184,7,4,66,30,78,60,13,64,5,44,136,45,469,37,12,23,50,154,74,20,102,100,47,23,92,15,39,30,26,17,47,159,18,111,8,54
25,13,33,241,97,8,8,59,23,49,109,37,175,46,96,34,44,0,27,43,13,11,53,53,29,454,5,57,57,161,51,33,30,102,22,11,18,14,121,31,16
38,19,36,47,39,22,63,71,41,55,112,7,0,52,42,52,154,122,98,69,9,50,145,4,32,82,34,24,17,17,24,7,12,65,23,3,18,31,54,21,0
33,20,69,16,32,18,79,4,30,16,17,23,96,11,105,14,126,11,30,151,4,19,133,67,35,16,35,32,25,23,24,23,31,9,23,11,7,12,26,0,25
59,14,42,115,13,17,8,60,28,83,34,31,154,39,124,18,28,618,95,48,17,53,157,65,9,235,8,52,83,35,27,22,9,391,27,9,67,62,3,0,0
4,80,33,45,51,5,44,51,14,75,238,30,130,144,3,103,60,230,29,135,19,48,363,40,13,21,10,26,38,3,27,45,31,10,33,9,36,5,13,18,64
49,15,42,81,106,21,55,117,56,67,43,13,1,190,16,58,249,267,92,145,41,41,35,20,37,45,62,4,12,25,22,26,49,372,21,5,74,30,23,14,26
32,6,47,335,4,5,18,109,22,48,69,26,20,6,96,28,14,17,23,3,26,44,180,50,43,46,28,51,210,2,29,36,76,126,22,32,58,47,18,4,8
23,23,6,73,19,10,26,48,21,74,81,5,95,18,72,14,8,354,100,21,25,26,217,27,60,52,15,64,51,40,73,3,52,143,26,36,52,10,32,15,60
77,20,54,5,103,14,19,56,62,51,147,55,90,21,102,9,170,23,29,171,16,62,99,69,47,185,4,57,47,22,32,37,28,7,20,134,113,10,64,23,77
93,19,221,166,119,11,0,29,22,67,63,43,50,254,59,378,119,260,31,22,19,67,8,13,99,0,15,55,63,17,33,11,55,10,18,43,85,5,48,6,45
